image_path,true_class,predicted_class,predicted_probability,top2_class,top2_probability,top3_class,top3_probability,misclassified,low_confidence,focus_case
C:\Users\HP\Desktop\Soutenance-dev\prepared_datasets\combined_6class\test\Glass\000010_ann4068.jpg,Glass,Other,0.5063,Metal,0.1809,Glass,0.1653,True,True,True
C:\Users\HP\Desktop\Soutenance-dev\prepared_datasets\combined_6class\test\Glass\000011_ann376.jpg,Glass,Metal,0.8593,Glass,0.0851,Plastic,0.0417,True,False,True
C:\Users\HP\Desktop\Soutenance-dev\prepared_datasets\combined_6class\test\Glass\000012_ann24.jpg,Glass,PaperCardboard,0.4215,Other,0.3943,Plastic,0.0989,True,True,True
C:\Users\HP\Desktop\Soutenance-dev\prepared_datasets\combined_6class\test\Glass\000016_ann101.jpg,Glass,Glass,0.4412,Metal,0.2421,Other,0.1971,False,True,True
C:\Users\HP\Desktop\Soutenance-dev\prepared_datasets\combined_6class\test\Glass\000040_ann4277.jpg,Glass,Other,0.5063,Metal,0.1809,Glass,0.1653,True,True,True
C:\Users\HP\Desktop\Soutenance-dev\prepared_datasets\combined_6class\test\Glass\000055_ann3431.jpg,Glass,Other,0.5063,Metal,0.1809,Glass,0.1653,True,True,True
C:\Users\HP\Desktop\Soutenance-dev\prepared_datasets\combined_6class\test\Glass\000057_ann1205.jpg,Glass,Plastic,0.5856,Other,0.1558,Metal,0.1323,True,False,True
C:\Users\HP\Desktop\Soutenance-dev\prepared_datasets\combined_6class\test\Glass\000059_ann1629.jpg,Glass,PaperCardboard,0.4292,Metal,0.173,Plastic,0.1716,True,True,True
C:\Users\HP\Desktop\Soutenance-dev\prepared_datasets\combined_6class\test\Glass\000097_ann4776.jpg,Glass,Other,0.5063,Metal,0.1809,Glass,0.1653,True,True,True
C:\Users\HP\Desktop\Soutenance-dev\prepared_datasets\combined_6class\test\Glass\000098_ann917.jpg,Glass,Plastic,0.7571,Metal,0.1433,Glass,0.0408,True,False,True
C:\Users\HP\Desktop\Soutenance-dev\prepared_datasets\combined_6class\test\Glass\000099_ann4783.jpg,Glass,Other,0.5063,Metal,0.1809,Glass,0.1653,True,True,True
C:\Users\HP\Desktop\Soutenance-dev\prepared_datasets\combined_6class\test\Glass\glass1.jpg,Glass,Glass,0.9407,PaperCardboard,0.0273,Metal,0.0195,False,False,True
C:\Users\HP\Desktop\Soutenance-dev\prepared_datasets\combined_6class\test\Glass\glass111.jpg,Glass,Glass,0.9941,Other,0.0035,Plastic,0.0017,False,False,True
C:\Users\HP\Desktop\Soutenance-dev\prepared_datasets\combined_6class\test\Glass\glass116.jpg,Glass,Glass,0.9104,Other,0.0527,Plastic,0.0305,False,False,True
C:\Users\HP\Desktop\Soutenance-dev\prepared_datasets\combined_6class\test\Glass\glass119.jpg,Glass,Glass,0.9882,Other,0.0078,Metal,0.0024,False,False,True
C:\Users\HP\Desktop\Soutenance-dev\prepared_datasets\combined_6class\test\Glass\glass130.jpg,Glass,Glass,0.9946,Metal,0.0024,PaperCardboard,0.0017,False,False,True
C:\Users\HP\Desktop\Soutenance-dev\prepared_datasets\combined_6class\test\Glass\glass149.jpg,Glass,Glass,0.9399,Other,0.0229,Plastic,0.0197,False,False,True
C:\Users\HP\Desktop\Soutenance-dev\prepared_datasets\combined_6class\test\Glass\glass152.jpg,Glass,Glass,0.9767,Metal,0.0106,Plastic,0.0097,False,False,True
C:\Users\HP\Desktop\Soutenance-dev\prepared_datasets\combined_6class\test\Glass\glass156.jpg,Glass,Glass,0.8026,Metal,0.1849,Other,0.0053,False,False,True
C:\Users\HP\Desktop\Soutenance-dev\prepared_datasets\combined_6class\test\Glass\glass158.jpg,Glass,Glass,0.9694,Metal,0.0153,PaperCardboard,0.0092,False,False,True
C:\Users\HP\Desktop\Soutenance-dev\prepared_datasets\combined_6class\test\Glass\glass181.jpg,Glass,Glass,0.3686,Plastic,0.2905,Metal,0.1806,False,True,True
C:\Users\HP\Desktop\Soutenance-dev\prepared_datasets\combined_6class\test\Glass\glass187.jpg,Glass,Glass,0.9484,Other,0.0197,Plastic,0.0159,False,False,True
C:\Users\HP\Desktop\Soutenance-dev\prepared_datasets\combined_6class\test\Glass\glass188.jpg,Glass,Other,0.3396,Glass,0.2844,Plastic,0.2403,True,True,True
C:\Users\HP\Desktop\Soutenance-dev\prepared_datasets\combined_6class\test\Glass\glass19.jpg,Glass,Glass,0.9184,PaperCardboard,0.0457,Metal,0.0267,False,False,True
C:\Users\HP\Desktop\Soutenance-dev\prepared_datasets\combined_6class\test\Glass\glass216.jpg,Glass,Glass,0.5003,Plastic,0.2606,Other,0.1018,False,True,True
C:\Users\HP\Desktop\Soutenance-dev\prepared_datasets\combined_6class\test\Glass\glass219.jpg,Glass,Glass,0.6809,Metal,0.1966,PaperCardboard,0.0648,False,False,True
C:\Users\HP\Desktop\Soutenance-dev\prepared_datasets\combined_6class\test\Glass\glass220.jpg,Glass,Glass,0.833,Metal,0.093,Other,0.0465,False,False,True
C:\Users\HP\Desktop\Soutenance-dev\prepared_datasets\combined_6class\test\Glass\glass227.jpg,Glass,Glass,0.9675,Other,0.0156,Metal,0.0124,False,False,True
C:\Users\HP\Desktop\Soutenance-dev\prepared_datasets\combined_6class\test\Glass\glass235.jpg,Glass,Glass,0.5965,Other,0.181,Plastic,0.1488,False,False,True
C:\Users\HP\Desktop\Soutenance-dev\prepared_datasets\combined_6class\test\Glass\glass237.jpg,Glass,Glass,0.7752,Metal,0.1063,Other,0.0858,False,False,True
C:\Users\HP\Desktop\Soutenance-dev\prepared_datasets\combined_6class\test\Glass\glass241.jpg,Glass,Glass,0.5092,Other,0.285,Metal,0.1248,False,True,True
C:\Users\HP\Desktop\Soutenance-dev\prepared_datasets\combined_6class\test\Glass\glass243.jpg,Glass,Glass,0.9695,Other,0.0144,Metal,0.0082,False,False,True
C:\Users\HP\Desktop\Soutenance-dev\prepared_datasets\combined_6class\test\Glass\glass25.jpg,Glass,Glass,0.95,Metal,0.0313,Other,0.0131,False,False,True
C:\Users\HP\Desktop\Soutenance-dev\prepared_datasets\combined_6class\test\Glass\glass251.jpg,Glass,Glass,0.9811,Other,0.0089,Metal,0.0057,False,False,True
C:\Users\HP\Desktop\Soutenance-dev\prepared_datasets\combined_6class\test\Glass\glass258.jpg,Glass,Glass,0.7182,PaperCardboard,0.1547,Plastic,0.0841,False,False,True
C:\Users\HP\Desktop\Soutenance-dev\prepared_datasets\combined_6class\test\Glass\glass260.jpg,Glass,Glass,0.927,Other,0.0557,Metal,0.0084,False,False,True
C:\Users\HP\Desktop\Soutenance-dev\prepared_datasets\combined_6class\test\Glass\glass267.jpg,Glass,Glass,0.9505,Plastic,0.026,PaperCardboard,0.0124,False,False,True
C:\Users\HP\Desktop\Soutenance-dev\prepared_datasets\combined_6class\test\Glass\glass274.jpg,Glass,Metal,0.4287,PaperCardboard,0.2872,Glass,0.1819,True,True,True
C:\Users\HP\Desktop\Soutenance-dev\prepared_datasets\combined_6class\test\Glass\glass277.jpg,Glass,Glass,0.9939,Metal,0.0036,Plastic,0.0015,False,False,True
C:\Users\HP\Desktop\Soutenance-dev\prepared_datasets\combined_6class\test\Glass\glass283.jpg,Glass,Glass,0.6699,Metal,0.3081,Other,0.0157,False,False,True
C:\Users\HP\Desktop\Soutenance-dev\prepared_datasets\combined_6class\test\Glass\glass285.jpg,Glass,Glass,0.9328,Metal,0.05,Plastic,0.006,False,False,True
C:\Users\HP\Desktop\Soutenance-dev\prepared_datasets\combined_6class\test\Glass\glass288.jpg,Glass,Other,0.5751,Plastic,0.1994,PaperCardboard,0.1572,True,False,True
C:\Users\HP\Desktop\Soutenance-dev\prepared_datasets\combined_6class\test\Glass\glass293.jpg,Glass,Glass,0.8646,Other,0.065,Metal,0.047,False,False,True
C:\Users\HP\Desktop\Soutenance-dev\prepared_datasets\combined_6class\test\Glass\glass298.jpg,Glass,Glass,0.8072,Metal,0.082,Plastic,0.0594,False,False,True
C:\Users\HP\Desktop\Soutenance-dev\prepared_datasets\combined_6class\test\Glass\glass3.jpg,Glass,Glass,0.912,Other,0.0344,Metal,0.0268,False,False,True
C:\Users\HP\Desktop\Soutenance-dev\prepared_datasets\combined_6class\test\Glass\glass30.jpg,Glass,Glass,0.9457,Plastic,0.0353,Metal,0.0101,False,False,True
C:\Users\HP\Desktop\Soutenance-dev\prepared_datasets\combined_6class\test\Glass\glass332.jpg,Glass,Glass,0.9685,Other,0.0133,PaperCardboard,0.0109,False,False,True
C:\Users\HP\Desktop\Soutenance-dev\prepared_datasets\combined_6class\test\Glass\glass333.jpg,Glass,Glass,0.9694,PaperCardboard,0.0164,Metal,0.0113,False,False,True
C:\Users\HP\Desktop\Soutenance-dev\prepared_datasets\combined_6class\test\Glass\glass334.jpg,Glass,Glass,0.9768,Plastic,0.0088,PaperCardboard,0.0065,False,False,True
C:\Users\HP\Desktop\Soutenance-dev\prepared_datasets\combined_6class\test\Glass\glass339.jpg,Glass,Glass,0.9756,Metal,0.0124,Plastic,0.0047,False,False,True
C:\Users\HP\Desktop\Soutenance-dev\prepared_datasets\combined_6class\test\Glass\glass346.jpg,Glass,Glass,0.9104,Other,0.038,Plastic,0.0241,False,False,True
C:\Users\HP\Desktop\Soutenance-dev\prepared_datasets\combined_6class\test\Glass\glass347.jpg,Glass,Glass,0.5453,Plastic,0.2233,Other,0.1632,False,True,True
C:\Users\HP\Desktop\Soutenance-dev\prepared_datasets\combined_6class\test\Glass\glass354.jpg,Glass,Plastic,0.489,Glass,0.4535,PaperCardboard,0.0315,True,True,True
C:\Users\HP\Desktop\Soutenance-dev\prepared_datasets\combined_6class\test\Glass\glass365.jpg,Glass,Glass,0.9316,Other,0.0544,Metal,0.0098,False,False,True
C:\Users\HP\Desktop\Soutenance-dev\prepared_datasets\combined_6class\test\Glass\glass367.jpg,Glass,Glass,0.8937,Metal,0.0563,PaperCardboard,0.0356,False,False,True
C:\Users\HP\Desktop\Soutenance-dev\prepared_datasets\combined_6class\test\Glass\glass374.jpg,Glass,Glass,0.9409,Plastic,0.0248,PaperCardboard,0.0127,False,False,True
C:\Users\HP\Desktop\Soutenance-dev\prepared_datasets\combined_6class\test\Glass\glass379.jpg,Glass,Glass,0.9865,Plastic,0.006,Metal,0.006,False,False,True
C:\Users\HP\Desktop\Soutenance-dev\prepared_datasets\combined_6class\test\Glass\glass387.jpg,Glass,Glass,0.9715,Other,0.0253,Plastic,0.0017,False,False,True
C:\Users\HP\Desktop\Soutenance-dev\prepared_datasets\combined_6class\test\Glass\glass395.jpg,Glass,Glass,0.9711,Metal,0.0149,PaperCardboard,0.0066,False,False,True
C:\Users\HP\Desktop\Soutenance-dev\prepared_datasets\combined_6class\test\Glass\glass404.jpg,Glass,Glass,0.6152,Plastic,0.1706,Other,0.1237,False,False,True
C:\Users\HP\Desktop\Soutenance-dev\prepared_datasets\combined_6class\test\Glass\glass405.jpg,Glass,Glass,0.9517,Metal,0.0201,Other,0.0105,False,False,True
C:\Users\HP\Desktop\Soutenance-dev\prepared_datasets\combined_6class\test\Glass\glass406.jpg,Glass,Glass,0.8127,Metal,0.1435,Plastic,0.0258,False,False,True
C:\Users\HP\Desktop\Soutenance-dev\prepared_datasets\combined_6class\test\Glass\glass408.jpg,Glass,Metal,0.3829,Glass,0.372,Plastic,0.184,True,True,True
C:\Users\HP\Desktop\Soutenance-dev\prepared_datasets\combined_6class\test\Glass\glass410.jpg,Glass,Metal,0.6237,Glass,0.3533,Other,0.0097,True,False,True
C:\Users\HP\Desktop\Soutenance-dev\prepared_datasets\combined_6class\test\Glass\glass411.jpg,Glass,Glass,0.9901,PaperCardboard,0.0031,Metal,0.003,False,False,True
C:\Users\HP\Desktop\Soutenance-dev\prepared_datasets\combined_6class\test\Glass\glass415.jpg,Glass,Glass,0.9426,PaperCardboard,0.0216,Metal,0.0188,False,False,True
C:\Users\HP\Desktop\Soutenance-dev\prepared_datasets\combined_6class\test\Glass\glass42.jpg,Glass,Glass,0.9967,Plastic,0.0018,Other,0.0008,False,False,True
C:\Users\HP\Desktop\Soutenance-dev\prepared_datasets\combined_6class\test\Glass\glass425.jpg,Glass,Glass,0.9865,Other,0.0075,Metal,0.0034,False,False,True
C:\Users\HP\Desktop\Soutenance-dev\prepared_datasets\combined_6class\test\Glass\glass430.jpg,Glass,Glass,0.6227,Other,0.2163,Metal,0.1436,False,False,True
C:\Users\HP\Desktop\Soutenance-dev\prepared_datasets\combined_6class\test\Glass\glass435.jpg,Glass,Glass,0.7685,Plastic,0.0943,Other,0.057,False,False,True
C:\Users\HP\Desktop\Soutenance-dev\prepared_datasets\combined_6class\test\Glass\glass439.jpg,Glass,Glass,0.8115,Plastic,0.1538,PaperCardboard,0.0172,False,False,True
C:\Users\HP\Desktop\Soutenance-dev\prepared_datasets\combined_6class\test\Glass\glass440.jpg,Glass,Glass,0.7772,Other,0.2072,Plastic,0.0103,False,False,True
C:\Users\HP\Desktop\Soutenance-dev\prepared_datasets\combined_6class\test\Glass\glass455.jpg,Glass,Glass,0.9336,Plastic,0.0597,Other,0.0036,False,False,True
C:\Users\HP\Desktop\Soutenance-dev\prepared_datasets\combined_6class\test\Glass\glass461.jpg,Glass,Glass,0.8764,Plastic,0.0923,Metal,0.0218,False,False,True
C:\Users\HP\Desktop\Soutenance-dev\prepared_datasets\combined_6class\test\Glass\glass470.jpg,Glass,Glass,0.6779,Plastic,0.2605,Other,0.0447,False,False,True
C:\Users\HP\Desktop\Soutenance-dev\prepared_datasets\combined_6class\test\Glass\glass488.jpg,Glass,Glass,0.9596,Other,0.0339,Metal,0.0032,False,False,True
C:\Users\HP\Desktop\Soutenance-dev\prepared_datasets\combined_6class\test\Glass\glass490.jpg,Glass,Glass,0.9748,PaperCardboard,0.0088,Metal,0.0088,False,False,True
C:\Users\HP\Desktop\Soutenance-dev\prepared_datasets\combined_6class\test\Glass\glass51.jpg,Glass,Glass,0.9753,Plastic,0.0126,Metal,0.0063,False,False,True
C:\Users\HP\Desktop\Soutenance-dev\prepared_datasets\combined_6class\test\Glass\glass52.jpg,Glass,Glass,0.986,Metal,0.0068,Other,0.0054,False,False,True
C:\Users\HP\Desktop\Soutenance-dev\prepared_datasets\combined_6class\test\Glass\glass59.jpg,Glass,Glass,0.9482,Plastic,0.0217,Metal,0.0125,False,False,True
C:\Users\HP\Desktop\Soutenance-dev\prepared_datasets\combined_6class\test\Glass\glass62.jpg,Glass,Glass,0.9029,Metal,0.0425,Plastic,0.0279,False,False,True
C:\Users\HP\Desktop\Soutenance-dev\prepared_datasets\combined_6class\test\Glass\glass74.jpg,Glass,Glass,0.9515,Metal,0.0177,Plastic,0.0135,False,False,True
C:\Users\HP\Desktop\Soutenance-dev\prepared_datasets\combined_6class\test\Glass\glass75.jpg,Glass,Glass,0.8769,Other,0.05,Plastic,0.0426,False,False,True
C:\Users\HP\Desktop\Soutenance-dev\prepared_datasets\combined_6class\test\Glass\glass80.jpg,Glass,Glass,0.9485,PaperCardboard,0.0241,Metal,0.0168,False,False,True
C:\Users\HP\Desktop\Soutenance-dev\prepared_datasets\combined_6class\test\Glass\glass87.jpg,Glass,Glass,0.8255,Other,0.0715,Plastic,0.0585,False,False,True
C:\Users\HP\Desktop\Soutenance-dev\prepared_datasets\combined_6class\test\Glass\glass9.jpg,Glass,Glass,0.716,PaperCardboard,0.1528,Metal,0.0643,False,False,True
C:\Users\HP\Desktop\Soutenance-dev\prepared_datasets\combined_6class\test\Glass\glass94.jpg,Glass,Glass,0.813,Metal,0.171,PaperCardboard,0.0059,False,False,True
C:\Users\HP\Desktop\Soutenance-dev\prepared_datasets\combined_6class\test\Metal\000001_ann4477.jpg,Metal,Other,0.5063,Metal,0.1809,Glass,0.1653,True,True,True
C:\Users\HP\Desktop\Soutenance-dev\prepared_datasets\combined_6class\test\Metal\000014_ann4086.jpg,Metal,Other,0.5063,Metal,0.1809,Glass,0.1653,True,True,True
C:\Users\HP\Desktop\Soutenance-dev\prepared_datasets\combined_6class\test\Metal\000023_ann74.jpg,Metal,Other,0.3181,Glass,0.2983,Metal,0.2927,True,True,True
C:\Users\HP\Desktop\Soutenance-dev\prepared_datasets\combined_6class\test\Metal\000023_ann973.jpg,Metal,Other,0.655,Plastic,0.1533,Metal,0.1139,True,False,True
C:\Users\HP\Desktop\Soutenance-dev\prepared_datasets\combined_6class\test\Metal\000024_ann80.jpg,Metal,Other,0.5789,Metal,0.1726,Glass,0.1598,True,False,True
C:\Users\HP\Desktop\Soutenance-dev\prepared_datasets\combined_6class\test\Metal\000024_ann81.jpg,Metal,Other,0.9235,Plastic,0.0297,Metal,0.0257,True,False,True
C:\Users\HP\Desktop\Soutenance-dev\prepared_datasets\combined_6class\test\Metal\000025_ann429.jpg,Metal,Metal,0.3671,Other,0.173,Glass,0.1714,False,True,False
C:\Users\HP\Desktop\Soutenance-dev\prepared_datasets\combined_6class\test\Metal\000028_ann3526.jpg,Metal,Other,0.5063,Metal,0.1809,Glass,0.1653,True,True,True
C:\Users\HP\Desktop\Soutenance-dev\prepared_datasets\combined_6class\test\Metal\000038_ann122.jpg,Metal,Other,0.3376,Metal,0.3124,Plastic,0.1757,True,True,True
C:\Users\HP\Desktop\Soutenance-dev\prepared_datasets\combined_6class\test\Metal\000042_ann2283.jpg,Metal,Plastic,0.4933,Other,0.3666,Metal,0.1319,True,True,True
C:\Users\HP\Desktop\Soutenance-dev\prepared_datasets\combined_6class\test\Metal\000048_ann794.jpg,Metal,Other,0.5889,Metal,0.1463,Plastic,0.1361,True,False,True
C:\Users\HP\Desktop\Soutenance-dev\prepared_datasets\combined_6class\test\Metal\000057_ann3441.jpg,Metal,Other,0.5063,Metal,0.1809,Glass,0.1653,True,True,True
C:\Users\HP\Desktop\Soutenance-dev\prepared_datasets\combined_6class\test\Metal\000066_ann4392.jpg,Metal,Other,0.5063,Metal,0.1809,Glass,0.1653,True,True,True
C:\Users\HP\Desktop\Soutenance-dev\prepared_datasets\combined_6class\test\Metal\000069_ann1803.jpg,Metal,Glass,0.4178,Other,0.2686,Metal,0.1743,True,True,True
C:\Users\HP\Desktop\Soutenance-dev\prepared_datasets\combined_6class\test\Metal\000073_ann2930.jpg,Metal,Metal,0.3777,Glass,0.3195,Other,0.1721,False,True,False
C:\Users\HP\Desktop\Soutenance-dev\prepared_datasets\combined_6class\test\Metal\000080_ann2349.jpg,Metal,Metal,0.3883,Other,0.3723,Plastic,0.1176,False,True,False
C:\Users\HP\Desktop\Soutenance-dev\prepared_datasets\combined_6class\test\Metal\000087_ann4449.jpg,Metal,Other,0.5063,Metal,0.1809,Glass,0.1653,True,True,True
C:\Users\HP\Desktop\Soutenance-dev\prepared_datasets\combined_6class\test\Metal\IMG_5055_ann2538.jpg,Metal,Metal,0.3595,Other,0.354,Plastic,0.1689,False,True,False
C:\Users\HP\Desktop\Soutenance-dev\prepared_datasets\combined_6class\test\Metal\metal1.jpg,Metal,Glass,0.4682,PaperCardboard,0.3829,Metal,0.1239,True,True,True
C:\Users\HP\Desktop\Soutenance-dev\prepared_datasets\combined_6class\test\Metal\metal119.jpg,Metal,Glass,0.723,Metal,0.2461,Other,0.0197,True,False,True
C:\Users\HP\Desktop\Soutenance-dev\prepared_datasets\combined_6class\test\Metal\metal13.jpg,Metal,Glass,0.8575,Metal,0.1336,PaperCardboard,0.0042,True,False,True
C:\Users\HP\Desktop\Soutenance-dev\prepared_datasets\combined_6class\test\Metal\metal165.jpg,Metal,Metal,0.5158,Plastic,0.326,Other,0.0755,False,True,False
C:\Users\HP\Desktop\Soutenance-dev\prepared_datasets\combined_6class\test\Metal\metal168.jpg,Metal,Metal,0.5241,Glass,0.4049,Other,0.0358,False,True,False
C:\Users\HP\Desktop\Soutenance-dev\prepared_datasets\combined_6class\test\Metal\metal199.jpg,Metal,Glass,0.4135,PaperCardboard,0.3947,Metal,0.1186,True,True,True
C:\Users\HP\Desktop\Soutenance-dev\prepared_datasets\combined_6class\test\Metal\metal208.jpg,Metal,Metal,0.339,Plastic,0.3316,PaperCardboard,0.2448,False,True,False
C:\Users\HP\Desktop\Soutenance-dev\prepared_datasets\combined_6class\test\Metal\metal209.jpg,Metal,Metal,0.446,Plastic,0.3736,PaperCardboard,0.1228,False,True,False
C:\Users\HP\Desktop\Soutenance-dev\prepared_datasets\combined_6class\test\Metal\metal21.jpg,Metal,Glass,0.4806,Metal,0.4275,PaperCardboard,0.0557,True,True,True
C:\Users\HP\Desktop\Soutenance-dev\prepared_datasets\combined_6class\test\Metal\metal217.jpg,Metal,PaperCardboard,0.62,Glass,0.2576,Plastic,0.0803,True,False,False
C:\Users\HP\Desktop\Soutenance-dev\prepared_datasets\combined_6class\test\Metal\metal233.jpg,Metal,Glass,0.9379,Metal,0.0464,Plastic,0.013,True,False,True
C:\Users\HP\Desktop\Soutenance-dev\prepared_datasets\combined_6class\test\Metal\metal278.jpg,Metal,Glass,0.635,Metal,0.2361,Plastic,0.1134,True,False,True
C:\Users\HP\Desktop\Soutenance-dev\prepared_datasets\combined_6class\test\Metal\metal292.jpg,Metal,Metal,0.4166,Plastic,0.2942,Glass,0.2269,False,True,False
C:\Users\HP\Desktop\Soutenance-dev\prepared_datasets\combined_6class\test\Metal\metal297.jpg,Metal,Metal,0.4904,Glass,0.4128,PaperCardboard,0.0668,False,True,False
C:\Users\HP\Desktop\Soutenance-dev\prepared_datasets\combined_6class\test\Metal\metal305.jpg,Metal,Metal,0.5223,Glass,0.4521,Other,0.0164,False,True,False
C:\Users\HP\Desktop\Soutenance-dev\prepared_datasets\combined_6class\test\Metal\metal332.jpg,Metal,PaperCardboard,0.3761,Glass,0.2965,Metal,0.2884,True,True,False
C:\Users\HP\Desktop\Soutenance-dev\prepared_datasets\combined_6class\test\Metal\metal340.jpg,Metal,Other,0.5201,Glass,0.2937,Metal,0.1596,True,True,True
C:\Users\HP\Desktop\Soutenance-dev\prepared_datasets\combined_6class\test\Metal\metal362.jpg,Metal,Glass,0.5929,Metal,0.16,Other,0.1392,True,False,True
C:\Users\HP\Desktop\Soutenance-dev\prepared_datasets\combined_6class\test\Metal\metal38.jpg,Metal,Glass,0.7503,Metal,0.2058,Other,0.0228,True,False,True
C:\Users\HP\Desktop\Soutenance-dev\prepared_datasets\combined_6class\test\Metal\metal382.jpg,Metal,Glass,0.6007,Metal,0.3314,Plastic,0.0345,True,False,True
C:\Users\HP\Desktop\Soutenance-dev\prepared_datasets\combined_6class\test\Metal\metal69.jpg,Metal,Metal,0.5235,Plastic,0.256,Glass,0.1927,False,True,False
C:\Users\HP\Desktop\Soutenance-dev\prepared_datasets\combined_6class\test\Metal\metal87.jpg,Metal,PaperCardboard,0.4511,Metal,0.4153,Glass,0.0459,True,True,False
C:\Users\HP\Desktop\Soutenance-dev\prepared_datasets\combined_6class\test\Organic\000090_ann163.jpg,Organic,Metal,0.289,Other,0.2724,PaperCardboard,0.2044,True,True,False
C:\Users\HP\Desktop\Soutenance-dev\prepared_datasets\combined_6class\test\Organic\000094_ann171.jpg,Organic,PaperCardboard,0.3017,Plastic,0.2803,Glass,0.1895,True,True,False
C:\Users\HP\Desktop\Soutenance-dev\prepared_datasets\combined_6class\test\Other\000013_ann3561.jpg,Other,Other,0.5063,Metal,0.1809,Glass,0.1653,False,True,True
C:\Users\HP\Desktop\Soutenance-dev\prepared_datasets\combined_6class\test\Other\000014_ann3065.jpg,Other,Other,0.5669,Plastic,0.3064,Metal,0.0876,False,False,True
C:\Users\HP\Desktop\Soutenance-dev\prepared_datasets\combined_6class\test\Other\000021_ann3670.jpg,Other,Other,0.5063,Metal,0.1809,Glass,0.1653,False,True,True
C:\Users\HP\Desktop\Soutenance-dev\prepared_datasets\combined_6class\test\Other\000022_ann1980.jpg,Other,Other,0.9534,Metal,0.0243,Plastic,0.0135,False,False,True
C:\Users\HP\Desktop\Soutenance-dev\prepared_datasets\combined_6class\test\Other\000023_ann2240.jpg,Other,Glass,0.4193,Other,0.3423,Metal,0.1571,True,True,True
C:\Users\HP\Desktop\Soutenance-dev\prepared_datasets\combined_6class\test\Other\000028_ann755.jpg,Other,Other,0.4649,Glass,0.2396,Metal,0.1639,False,True,True
C:\Users\HP\Desktop\Soutenance-dev\prepared_datasets\combined_6class\test\Other\000029_ann1550.jpg,Other,Other,0.6896,Metal,0.1073,Plastic,0.1053,False,False,True
C:\Users\HP\Desktop\Soutenance-dev\prepared_datasets\combined_6class\test\Other\000035_ann773.jpg,Other,Other,0.5194,PaperCardboard,0.1843,Plastic,0.1674,False,True,True
C:\Users\HP\Desktop\Soutenance-dev\prepared_datasets\combined_6class\test\Other\000044_ann787.jpg,Other,Glass,0.2964,Metal,0.2888,Other,0.2514,True,True,True
C:\Users\HP\Desktop\Soutenance-dev\prepared_datasets\combined_6class\test\Other\000051_ann554.jpg,Other,Other,0.6281,Metal,0.1419,Glass,0.1189,False,False,True
C:\Users\HP\Desktop\Soutenance-dev\prepared_datasets\combined_6class\test\Other\000052_ann1782.jpg,Other,Glass,0.5526,Other,0.2104,Metal,0.1368,True,False,True
C:\Users\HP\Desktop\Soutenance-dev\prepared_datasets\combined_6class\test\Other\000054_ann4339.jpg,Other,Other,0.5063,Metal,0.1809,Glass,0.1653,False,True,True
C:\Users\HP\Desktop\Soutenance-dev\prepared_datasets\combined_6class\test\Other\000072_ann137.jpg,Other,PaperCardboard,0.3798,Other,0.2978,Metal,0.1417,True,True,True
C:\Users\HP\Desktop\Soutenance-dev\prepared_datasets\combined_6class\test\Other\000072_ann2856.jpg,Other,Other,0.9895,PaperCardboard,0.0062,Plastic,0.0036,False,False,True
C:\Users\HP\Desktop\Soutenance-dev\prepared_datasets\combined_6class\test\Other\000074_ann1810.jpg,Other,Other,0.6873,Metal,0.1277,Plastic,0.0883,False,False,True
C:\Users\HP\Desktop\Soutenance-dev\prepared_datasets\combined_6class\test\Other\000074_ann842.jpg,Other,Metal,0.3885,Other,0.3833,Plastic,0.2126,True,True,True
C:\Users\HP\Desktop\Soutenance-dev\prepared_datasets\combined_6class\test\Other\000075_ann851.jpg,Other,Other,0.5906,Plastic,0.2571,Metal,0.1141,False,False,True
C:\Users\HP\Desktop\Soutenance-dev\prepared_datasets\combined_6class\test\Other\000084_ann4722.jpg,Other,Other,0.5063,Metal,0.1809,Glass,0.1653,False,True,True
C:\Users\HP\Desktop\Soutenance-dev\prepared_datasets\combined_6class\test\Other\000094_ann2963.jpg,Other,Glass,0.6509,Metal,0.1436,Plastic,0.1121,True,False,True
C:\Users\HP\Desktop\Soutenance-dev\prepared_datasets\combined_6class\test\Other\IMG_4860_ann2551.jpg,Other,Other,0.6406,PaperCardboard,0.2074,Plastic,0.0801,False,False,True
C:\Users\HP\Desktop\Soutenance-dev\prepared_datasets\combined_6class\test\Other\trash115.jpg,Other,Other,0.9208,Metal,0.0629,Plastic,0.0069,False,False,True
C:\Users\HP\Desktop\Soutenance-dev\prepared_datasets\combined_6class\test\Other\trash120.jpg,Other,Other,0.8904,Glass,0.0538,PaperCardboard,0.0244,False,False,True
C:\Users\HP\Desktop\Soutenance-dev\prepared_datasets\combined_6class\test\Other\trash121.jpg,Other,Glass,0.6976,Other,0.1786,Plastic,0.052,True,False,True
C:\Users\HP\Desktop\Soutenance-dev\prepared_datasets\combined_6class\test\Other\trash126.jpg,Other,Other,0.6503,Glass,0.2298,Metal,0.0702,False,False,True
C:\Users\HP\Desktop\Soutenance-dev\prepared_datasets\combined_6class\test\Other\trash128.jpg,Other,Other,0.9815,Glass,0.0061,PaperCardboard,0.0054,False,False,True
C:\Users\HP\Desktop\Soutenance-dev\prepared_datasets\combined_6class\test\Other\trash14.jpg,Other,PaperCardboard,0.9314,Other,0.0498,Plastic,0.0163,True,False,True
C:\Users\HP\Desktop\Soutenance-dev\prepared_datasets\combined_6class\test\Other\trash17.jpg,Other,PaperCardboard,0.5727,Other,0.2716,Glass,0.1158,True,False,True
C:\Users\HP\Desktop\Soutenance-dev\prepared_datasets\combined_6class\test\Other\trash21.jpg,Other,Other,0.8266,Plastic,0.0896,Metal,0.0611,False,False,True
C:\Users\HP\Desktop\Soutenance-dev\prepared_datasets\combined_6class\test\Other\trash33.jpg,Other,Other,0.9946,Glass,0.0024,Plastic,0.0017,False,False,True
C:\Users\HP\Desktop\Soutenance-dev\prepared_datasets\combined_6class\test\Other\trash34.jpg,Other,Other,0.9556,Plastic,0.0219,Metal,0.0127,False,False,True
C:\Users\HP\Desktop\Soutenance-dev\prepared_datasets\combined_6class\test\Other\trash4.jpg,Other,Other,0.9774,Glass,0.0116,Plastic,0.0062,False,False,True
C:\Users\HP\Desktop\Soutenance-dev\prepared_datasets\combined_6class\test\Other\trash45.jpg,Other,Other,0.9966,PaperCardboard,0.0013,Metal,0.0011,False,False,True
C:\Users\HP\Desktop\Soutenance-dev\prepared_datasets\combined_6class\test\Other\trash61.jpg,Other,PaperCardboard,0.8383,Other,0.058,Metal,0.0562,True,False,True
C:\Users\HP\Desktop\Soutenance-dev\prepared_datasets\combined_6class\test\Other\trash62.jpg,Other,Other,0.9989,PaperCardboard,0.0005,Metal,0.0003,False,False,True
C:\Users\HP\Desktop\Soutenance-dev\prepared_datasets\combined_6class\test\Other\trash64.jpg,Other,Other,0.9994,Metal,0.0002,Plastic,0.0002,False,False,True
C:\Users\HP\Desktop\Soutenance-dev\prepared_datasets\combined_6class\test\Other\trash66.jpg,Other,Other,0.9936,PaperCardboard,0.0047,Metal,0.0008,False,False,True
C:\Users\HP\Desktop\Soutenance-dev\prepared_datasets\combined_6class\test\Other\trash67.jpg,Other,PaperCardboard,0.393,Glass,0.2978,Metal,0.1597,True,True,True
C:\Users\HP\Desktop\Soutenance-dev\prepared_datasets\combined_6class\test\Other\trash8.jpg,Other,Other,0.9995,PaperCardboard,0.0005,Plastic,0.0,False,False,True
C:\Users\HP\Desktop\Soutenance-dev\prepared_datasets\combined_6class\test\Other\trash84.jpg,Other,Other,0.9996,PaperCardboard,0.0003,Plastic,0.0,False,False,True
C:\Users\HP\Desktop\Soutenance-dev\prepared_datasets\combined_6class\test\Other\trash92.jpg,Other,PaperCardboard,0.8384,Other,0.1143,Plastic,0.0441,True,False,True
C:\Users\HP\Desktop\Soutenance-dev\prepared_datasets\combined_6class\test\Other\trash95.jpg,Other,Other,0.9941,PaperCardboard,0.004,Plastic,0.0013,False,False,True
C:\Users\HP\Desktop\Soutenance-dev\prepared_datasets\combined_6class\test\Other\trash99.jpg,Other,Other,0.9978,Metal,0.0011,Plastic,0.0005,False,False,True
C:\Users\HP\Desktop\Soutenance-dev\prepared_datasets\combined_6class\test\PaperCardboard\000004_ann931.jpg,PaperCardboard,PaperCardboard,0.2898,Other,0.2819,Glass,0.2188,False,True,False
C:\Users\HP\Desktop\Soutenance-dev\prepared_datasets\combined_6class\test\PaperCardboard\000006_ann3649.jpg,PaperCardboard,Other,0.5063,Metal,0.1809,Glass,0.1653,True,True,True
C:\Users\HP\Desktop\Soutenance-dev\prepared_datasets\combined_6class\test\PaperCardboard\000008_ann2214.jpg,PaperCardboard,Other,0.9236,PaperCardboard,0.0444,Plastic,0.0198,True,False,True
C:\Users\HP\Desktop\Soutenance-dev\prepared_datasets\combined_6class\test\PaperCardboard\000010_ann714.jpg,PaperCardboard,Other,0.5151,PaperCardboard,0.465,Plastic,0.0086,True,True,True
C:\Users\HP\Desktop\Soutenance-dev\prepared_datasets\combined_6class\test\PaperCardboard\000011_ann717.jpg,PaperCardboard,Other,0.6468,PaperCardboard,0.2302,Plastic,0.0815,True,False,True
C:\Users\HP\Desktop\Soutenance-dev\prepared_datasets\combined_6class\test\PaperCardboard\000012_ann3056.jpg,PaperCardboard,Other,0.5015,Metal,0.1929,Glass,0.169,True,True,True
C:\Users\HP\Desktop\Soutenance-dev\prepared_datasets\combined_6class\test\PaperCardboard\000015_ann1478.jpg,PaperCardboard,Glass,0.4855,Metal,0.328,Other,0.1393,True,True,True
C:\Users\HP\Desktop\Soutenance-dev\prepared_datasets\combined_6class\test\PaperCardboard\000015_ann2227.jpg,PaperCardboard,Other,0.6396,PaperCardboard,0.2903,Plastic,0.0504,True,False,True
C:\Users\HP\Desktop\Soutenance-dev\prepared_datasets\combined_6class\test\PaperCardboard\000021_ann1732.jpg,PaperCardboard,Plastic,0.7032,PaperCardboard,0.1174,Other,0.0892,True,False,True
C:\Users\HP\Desktop\Soutenance-dev\prepared_datasets\combined_6class\test\PaperCardboard\000022_ann1734.jpg,PaperCardboard,Other,0.6467,PaperCardboard,0.1755,Plastic,0.1355,True,False,True
C:\Users\HP\Desktop\Soutenance-dev\prepared_datasets\combined_6class\test\PaperCardboard\000024_ann3100.jpg,PaperCardboard,Other,0.5063,Metal,0.1809,Glass,0.1653,True,True,True
C:\Users\HP\Desktop\Soutenance-dev\prepared_datasets\combined_6class\test\PaperCardboard\000041_ann3475.jpg,PaperCardboard,Other,0.5063,Metal,0.1809,Glass,0.1653,True,True,True
C:\Users\HP\Desktop\Soutenance-dev\prepared_datasets\combined_6class\test\PaperCardboard\000042_ann2821.jpg,PaperCardboard,Other,0.7651,PaperCardboard,0.1249,Plastic,0.0842,True,False,True
C:\Users\HP\Desktop\Soutenance-dev\prepared_datasets\combined_6class\test\PaperCardboard\000053_ann801.jpg,PaperCardboard,Plastic,0.4045,Metal,0.3027,Other,0.2211,True,True,True
C:\Users\HP\Desktop\Soutenance-dev\prepared_datasets\combined_6class\test\PaperCardboard\000054_ann803.jpg,PaperCardboard,Glass,0.6574,Metal,0.1336,Other,0.1215,True,False,True
C:\Users\HP\Desktop\Soutenance-dev\prepared_datasets\combined_6class\test\PaperCardboard\000059_ann3417.jpg,PaperCardboard,Other,0.5063,Metal,0.1809,Glass,0.1653,True,True,True
C:\Users\HP\Desktop\Soutenance-dev\prepared_datasets\combined_6class\test\PaperCardboard\000059_ann3418.jpg,PaperCardboard,Other,0.5063,Metal,0.1809,Glass,0.1653,True,True,True
C:\Users\HP\Desktop\Soutenance-dev\prepared_datasets\combined_6class\test\PaperCardboard\000061_ann1792.jpg,PaperCardboard,Glass,0.6205,Other,0.1501,Metal,0.1421,True,False,True
C:\Users\HP\Desktop\Soutenance-dev\prepared_datasets\combined_6class\test\PaperCardboard\000061_ann3414.jpg,PaperCardboard,Other,0.5063,Metal,0.1809,Glass,0.1653,True,True,True
C:\Users\HP\Desktop\Soutenance-dev\prepared_datasets\combined_6class\test\PaperCardboard\000073_ann4677.jpg,PaperCardboard,Other,0.5063,Metal,0.1809,Glass,0.1653,True,True,True
C:\Users\HP\Desktop\Soutenance-dev\prepared_datasets\combined_6class\test\PaperCardboard\000075_ann3293.jpg,PaperCardboard,Other,0.5063,Metal,0.1809,Glass,0.1653,True,True,True
C:\Users\HP\Desktop\Soutenance-dev\prepared_datasets\combined_6class\test\PaperCardboard\000078_ann1656.jpg,PaperCardboard,Plastic,0.4741,Metal,0.2826,Other,0.2147,True,True,True
C:\Users\HP\Desktop\Soutenance-dev\prepared_datasets\combined_6class\test\PaperCardboard\000093_ann4461.jpg,PaperCardboard,Other,0.5063,Metal,0.1809,Glass,0.1653,True,True,True
C:\Users\HP\Desktop\Soutenance-dev\prepared_datasets\combined_6class\test\PaperCardboard\000096_ann4466.jpg,PaperCardboard,Other,0.5063,Metal,0.1809,Glass,0.1653,True,True,True
C:\Users\HP\Desktop\Soutenance-dev\prepared_datasets\combined_6class\test\PaperCardboard\000115_ann236.jpg,PaperCardboard,Other,0.5827,Metal,0.2835,Plastic,0.1042,True,False,True
C:\Users\HP\Desktop\Soutenance-dev\prepared_datasets\combined_6class\test\PaperCardboard\000117_ann3027.jpg,PaperCardboard,Other,0.6294,PaperCardboard,0.2554,Plastic,0.0688,True,False,True
C:\Users\HP\Desktop\Soutenance-dev\prepared_datasets\combined_6class\test\PaperCardboard\000129_ann280.jpg,PaperCardboard,Other,0.6731,Glass,0.243,Plastic,0.0568,True,False,True
C:\Users\HP\Desktop\Soutenance-dev\prepared_datasets\combined_6class\test\PaperCardboard\cardboard112.jpg,PaperCardboard,PaperCardboard,0.3774,Metal,0.3604,Plastic,0.1438,False,True,False
C:\Users\HP\Desktop\Soutenance-dev\prepared_datasets\combined_6class\test\PaperCardboard\cardboard120.jpg,PaperCardboard,Metal,0.5656,PaperCardboard,0.3373,Glass,0.0451,True,False,False
C:\Users\HP\Desktop\Soutenance-dev\prepared_datasets\combined_6class\test\PaperCardboard\cardboard125.jpg,PaperCardboard,Other,0.8061,PaperCardboard,0.1225,Plastic,0.031,True,False,True
C:\Users\HP\Desktop\Soutenance-dev\prepared_datasets\combined_6class\test\PaperCardboard\cardboard15.jpg,PaperCardboard,Other,0.7758,PaperCardboard,0.1327,Plastic,0.0565,True,False,True
C:\Users\HP\Desktop\Soutenance-dev\prepared_datasets\combined_6class\test\PaperCardboard\cardboard290.jpg,PaperCardboard,Other,0.4613,PaperCardboard,0.3504,Plastic,0.148,True,True,True
C:\Users\HP\Desktop\Soutenance-dev\prepared_datasets\combined_6class\test\PaperCardboard\IMG_4948_ann2697.jpg,PaperCardboard,Other,0.7294,Plastic,0.1504,Metal,0.0986,True,False,True
C:\Users\HP\Desktop\Soutenance-dev\prepared_datasets\combined_6class\test\PaperCardboard\paper118.jpg,PaperCardboard,PaperCardboard,0.4952,Other,0.3642,Plastic,0.0691,False,True,False
C:\Users\HP\Desktop\Soutenance-dev\prepared_datasets\combined_6class\test\PaperCardboard\paper122.jpg,PaperCardboard,Plastic,0.4067,Other,0.36,PaperCardboard,0.1501,True,True,True
C:\Users\HP\Desktop\Soutenance-dev\prepared_datasets\combined_6class\test\PaperCardboard\paper136.jpg,PaperCardboard,PaperCardboard,0.4351,Other,0.2855,Metal,0.1267,False,True,False
C:\Users\HP\Desktop\Soutenance-dev\prepared_datasets\combined_6class\test\PaperCardboard\paper149.jpg,PaperCardboard,Other,0.4663,PaperCardboard,0.4574,Glass,0.0487,True,True,True
C:\Users\HP\Desktop\Soutenance-dev\prepared_datasets\combined_6class\test\PaperCardboard\paper154.jpg,PaperCardboard,Other,0.5495,PaperCardboard,0.3735,Plastic,0.0493,True,True,True
C:\Users\HP\Desktop\Soutenance-dev\prepared_datasets\combined_6class\test\PaperCardboard\paper164.jpg,PaperCardboard,PaperCardboard,0.5157,Other,0.4318,Plastic,0.0356,False,True,False
C:\Users\HP\Desktop\Soutenance-dev\prepared_datasets\combined_6class\test\PaperCardboard\paper213.jpg,PaperCardboard,Other,0.9941,PaperCardboard,0.0053,Glass,0.0004,True,False,True
C:\Users\HP\Desktop\Soutenance-dev\prepared_datasets\combined_6class\test\PaperCardboard\paper251.jpg,PaperCardboard,Other,0.9645,Metal,0.0161,Glass,0.0096,True,False,True
C:\Users\HP\Desktop\Soutenance-dev\prepared_datasets\combined_6class\test\PaperCardboard\paper272.jpg,PaperCardboard,Other,0.6167,PaperCardboard,0.381,Plastic,0.0021,True,False,True
C:\Users\HP\Desktop\Soutenance-dev\prepared_datasets\combined_6class\test\PaperCardboard\paper287.jpg,PaperCardboard,Other,0.9249,PaperCardboard,0.0496,Glass,0.011,True,False,True
C:\Users\HP\Desktop\Soutenance-dev\prepared_datasets\combined_6class\test\PaperCardboard\paper306.jpg,PaperCardboard,Other,0.7767,Plastic,0.0925,PaperCardboard,0.06,True,False,True
C:\Users\HP\Desktop\Soutenance-dev\prepared_datasets\combined_6class\test\PaperCardboard\paper31.jpg,PaperCardboard,Plastic,0.4782,PaperCardboard,0.4199,Other,0.0564,True,True,True
C:\Users\HP\Desktop\Soutenance-dev\prepared_datasets\combined_6class\test\PaperCardboard\paper312.jpg,PaperCardboard,Other,0.4703,PaperCardboard,0.3595,Plastic,0.0948,True,True,True
C:\Users\HP\Desktop\Soutenance-dev\prepared_datasets\combined_6class\test\PaperCardboard\paper33.jpg,PaperCardboard,PaperCardboard,0.4329,Other,0.3283,Plastic,0.1909,False,True,False
C:\Users\HP\Desktop\Soutenance-dev\prepared_datasets\combined_6class\test\PaperCardboard\paper331.jpg,PaperCardboard,Other,0.5722,PaperCardboard,0.415,Plastic,0.0112,True,False,True
C:\Users\HP\Desktop\Soutenance-dev\prepared_datasets\combined_6class\test\PaperCardboard\paper344.jpg,PaperCardboard,Other,0.7822,PaperCardboard,0.2013,Plastic,0.0159,True,False,True
C:\Users\HP\Desktop\Soutenance-dev\prepared_datasets\combined_6class\test\PaperCardboard\paper36.jpg,PaperCardboard,PaperCardboard,0.4976,Other,0.4777,Plastic,0.0226,False,True,False
C:\Users\HP\Desktop\Soutenance-dev\prepared_datasets\combined_6class\test\PaperCardboard\paper39.jpg,PaperCardboard,Metal,0.7571,PaperCardboard,0.1482,Other,0.0637,True,False,False
C:\Users\HP\Desktop\Soutenance-dev\prepared_datasets\combined_6class\test\PaperCardboard\paper397.jpg,PaperCardboard,Other,0.5552,PaperCardboard,0.4347,Plastic,0.0081,True,False,True
C:\Users\HP\Desktop\Soutenance-dev\prepared_datasets\combined_6class\test\PaperCardboard\paper398.jpg,PaperCardboard,Other,0.7644,PaperCardboard,0.2247,Plastic,0.0094,True,False,True
C:\Users\HP\Desktop\Soutenance-dev\prepared_datasets\combined_6class\test\PaperCardboard\paper469.jpg,PaperCardboard,Other,0.4504,Metal,0.2693,Plastic,0.1499,True,True,True
C:\Users\HP\Desktop\Soutenance-dev\prepared_datasets\combined_6class\test\PaperCardboard\paper476.jpg,PaperCardboard,PaperCardboard,0.4853,Other,0.2584,Metal,0.1818,False,True,False
C:\Users\HP\Desktop\Soutenance-dev\prepared_datasets\combined_6class\test\PaperCardboard\paper479.jpg,PaperCardboard,Other,0.9412,PaperCardboard,0.0328,Plastic,0.0126,True,False,True
C:\Users\HP\Desktop\Soutenance-dev\prepared_datasets\combined_6class\test\PaperCardboard\paper491.jpg,PaperCardboard,Other,0.9828,PaperCardboard,0.0115,Glass,0.004,True,False,True
C:\Users\HP\Desktop\Soutenance-dev\prepared_datasets\combined_6class\test\PaperCardboard\paper502.jpg,PaperCardboard,Other,0.8711,PaperCardboard,0.1191,Plastic,0.0081,True,False,True
C:\Users\HP\Desktop\Soutenance-dev\prepared_datasets\combined_6class\test\PaperCardboard\paper503.jpg,PaperCardboard,Other,0.8478,PaperCardboard,0.1163,Plastic,0.0254,True,False,True
C:\Users\HP\Desktop\Soutenance-dev\prepared_datasets\combined_6class\test\PaperCardboard\paper506.jpg,PaperCardboard,Other,0.8714,PaperCardboard,0.1172,Metal,0.005,True,False,True
C:\Users\HP\Desktop\Soutenance-dev\prepared_datasets\combined_6class\test\PaperCardboard\paper517.jpg,PaperCardboard,Other,0.4836,PaperCardboard,0.4572,Plastic,0.0457,True,True,True
C:\Users\HP\Desktop\Soutenance-dev\prepared_datasets\combined_6class\test\PaperCardboard\paper518.jpg,PaperCardboard,Other,0.7647,PaperCardboard,0.2224,Plastic,0.0062,True,False,True
C:\Users\HP\Desktop\Soutenance-dev\prepared_datasets\combined_6class\test\PaperCardboard\paper530.jpg,PaperCardboard,Other,0.9175,PaperCardboard,0.0373,Metal,0.0291,True,False,True
C:\Users\HP\Desktop\Soutenance-dev\prepared_datasets\combined_6class\test\PaperCardboard\paper546.jpg,PaperCardboard,Other,0.6106,PaperCardboard,0.3526,Plastic,0.0315,True,False,True
C:\Users\HP\Desktop\Soutenance-dev\prepared_datasets\combined_6class\test\PaperCardboard\paper573.jpg,PaperCardboard,Other,0.9082,PaperCardboard,0.0907,Plastic,0.0008,True,False,True
C:\Users\HP\Desktop\Soutenance-dev\prepared_datasets\combined_6class\test\PaperCardboard\paper66.jpg,PaperCardboard,Other,0.6087,PaperCardboard,0.3357,Plastic,0.0404,True,False,True
C:\Users\HP\Desktop\Soutenance-dev\prepared_datasets\combined_6class\test\PaperCardboard\paper70.jpg,PaperCardboard,PaperCardboard,0.423,Other,0.4168,Plastic,0.1089,False,True,False
C:\Users\HP\Desktop\Soutenance-dev\prepared_datasets\combined_6class\test\PaperCardboard\paper71.jpg,PaperCardboard,Other,0.6569,PaperCardboard,0.14,Plastic,0.0902,True,False,True
C:\Users\HP\Desktop\Soutenance-dev\prepared_datasets\combined_6class\test\PaperCardboard\paper96.jpg,PaperCardboard,Other,0.5199,PaperCardboard,0.3713,Plastic,0.1001,True,True,True
C:\Users\HP\Desktop\Soutenance-dev\prepared_datasets\combined_6class\test\Plastic\000001_ann315.jpg,Plastic,Other,0.4021,Plastic,0.2391,Metal,0.1666,True,True,True
C:\Users\HP\Desktop\Soutenance-dev\prepared_datasets\combined_6class\test\Plastic\000002_ann325.jpg,Plastic,Glass,0.4912,Plastic,0.219,Metal,0.1556,True,True,True
C:\Users\HP\Desktop\Soutenance-dev\prepared_datasets\combined_6class\test\Plastic\000004_ann1433.jpg,Plastic,Other,0.3361,Metal,0.2439,PaperCardboard,0.2222,True,True,True
C:\Users\HP\Desktop\Soutenance-dev\prepared_datasets\combined_6class\test\Plastic\000006_ann1708.jpg,Plastic,Metal,0.4766,PaperCardboard,0.26,Glass,0.1351,True,True,True
C:\Users\HP\Desktop\Soutenance-dev\prepared_datasets\combined_6class\test\Plastic\000007_ann4052.jpg,Plastic,Other,0.5063,Metal,0.1809,Glass,0.1653,True,True,True
C:\Users\HP\Desktop\Soutenance-dev\prepared_datasets\combined_6class\test\Plastic\000007_ann4053.jpg,Plastic,Other,0.5063,Metal,0.1809,Glass,0.1653,True,True,True
C:\Users\HP\Desktop\Soutenance-dev\prepared_datasets\combined_6class\test\Plastic\000013_ann4077.jpg,Plastic,Other,0.5063,Metal,0.1809,Glass,0.1653,True,True,True
C:\Users\HP\Desktop\Soutenance-dev\prepared_datasets\combined_6class\test\Plastic\000017_ann3662.jpg,Plastic,Other,0.5063,Metal,0.1809,Glass,0.1653,True,True,True
C:\Users\HP\Desktop\Soutenance-dev\prepared_datasets\combined_6class\test\Plastic\000019_ann6.jpg,Plastic,Other,0.6791,Plastic,0.1756,Metal,0.1125,True,False,True
C:\Users\HP\Desktop\Soutenance-dev\prepared_datasets\combined_6class\test\Plastic\000022_ann3684.jpg,Plastic,Other,0.5063,Metal,0.1809,Glass,0.1653,True,True,True
C:\Users\HP\Desktop\Soutenance-dev\prepared_datasets\combined_6class\test\Plastic\000022_ann972.jpg,Plastic,Plastic,0.6168,PaperCardboard,0.2609,Other,0.0742,False,False,True
C:\Users\HP\Desktop\Soutenance-dev\prepared_datasets\combined_6class\test\Plastic\000028_ann1549.jpg,Plastic,Glass,0.3467,Plastic,0.2706,Metal,0.1884,True,True,True
C:\Users\HP\Desktop\Soutenance-dev\prepared_datasets\combined_6class\test\Plastic\000028_ann765.jpg,Plastic,Other,0.5063,Metal,0.1809,Glass,0.1653,True,True,True
C:\Users\HP\Desktop\Soutenance-dev\prepared_datasets\combined_6class\test\Plastic\000029_ann3520.jpg,Plastic,Other,0.5063,Metal,0.1809,Glass,0.1653,True,True,True
C:\Users\HP\Desktop\Soutenance-dev\prepared_datasets\combined_6class\test\Plastic\000033_ann3701.jpg,Plastic,Other,0.5063,Metal,0.1809,Glass,0.1653,True,True,True
C:\Users\HP\Desktop\Soutenance-dev\prepared_datasets\combined_6class\test\Plastic\000033_ann4239.jpg,Plastic,Other,0.5063,Metal,0.1809,Glass,0.1653,True,True,True
C:\Users\HP\Desktop\Soutenance-dev\prepared_datasets\combined_6class\test\Plastic\000034_ann1558.jpg,Plastic,Other,0.5264,Metal,0.2566,Plastic,0.1778,True,True,True
C:\Users\HP\Desktop\Soutenance-dev\prepared_datasets\combined_6class\test\Plastic\000036_ann2273.jpg,Plastic,Plastic,0.7242,Other,0.2247,Metal,0.0386,False,False,True
C:\Users\HP\Desktop\Soutenance-dev\prepared_datasets\combined_6class\test\Plastic\000037_ann1757.jpg,Plastic,Glass,0.7854,Metal,0.1044,Other,0.0541,True,False,True
C:\Users\HP\Desktop\Soutenance-dev\prepared_datasets\combined_6class\test\Plastic\000042_ann1764.jpg,Plastic,Glass,0.6455,Other,0.1371,Metal,0.1366,True,False,True
C:\Users\HP\Desktop\Soutenance-dev\prepared_datasets\combined_6class\test\Plastic\000044_ann3730.jpg,Plastic,Other,0.5063,Metal,0.1809,Glass,0.1653,True,True,True
C:\Users\HP\Desktop\Soutenance-dev\prepared_datasets\combined_6class\test\Plastic\000047_ann4295.jpg,Plastic,Other,0.5063,Metal,0.1809,Glass,0.1653,True,True,True
C:\Users\HP\Desktop\Soutenance-dev\prepared_datasets\combined_6class\test\Plastic\000048_ann33.jpg,Plastic,PaperCardboard,0.9089,Metal,0.0333,Glass,0.0308,True,False,True
C:\Users\HP\Desktop\Soutenance-dev\prepared_datasets\combined_6class\test\Plastic\000053_ann2115.jpg,Plastic,Plastic,0.8016,Other,0.1338,Metal,0.0618,False,False,True
C:\Users\HP\Desktop\Soutenance-dev\prepared_datasets\combined_6class\test\Plastic\000058_ann3420.jpg,Plastic,Other,0.3863,Glass,0.206,Metal,0.1644,True,True,True
C:\Users\HP\Desktop\Soutenance-dev\prepared_datasets\combined_6class\test\Plastic\000060_ann3181.jpg,Plastic,Other,0.5063,Metal,0.1809,Glass,0.1653,True,True,True
C:\Users\HP\Desktop\Soutenance-dev\prepared_datasets\combined_6class\test\Plastic\000065_ann3404.jpg,Plastic,Other,0.5063,Metal,0.1809,Glass,0.1653,True,True,True
C:\Users\HP\Desktop\Soutenance-dev\prepared_datasets\combined_6class\test\Plastic\000072_ann4407.jpg,Plastic,Other,0.5063,Metal,0.1809,Glass,0.1653,True,True,True
C:\Users\HP\Desktop\Soutenance-dev\prepared_datasets\combined_6class\test\Plastic\000074_ann3294.jpg,Plastic,Other,0.5063,Metal,0.1809,Glass,0.1653,True,True,True
C:\Users\HP\Desktop\Soutenance-dev\prepared_datasets\combined_6class\test\Plastic\000079_ann3855.jpg,Plastic,Other,0.5063,Metal,0.1809,Glass,0.1653,True,True,True
C:\Users\HP\Desktop\Soutenance-dev\prepared_datasets\combined_6class\test\Plastic\000080_ann3280.jpg,Plastic,Other,0.5063,Metal,0.1809,Glass,0.1653,True,True,True
C:\Users\HP\Desktop\Soutenance-dev\prepared_datasets\combined_6class\test\Plastic\000085_ann3275.jpg,Plastic,Other,0.5063,Metal,0.1809,Glass,0.1653,True,True,True
C:\Users\HP\Desktop\Soutenance-dev\prepared_datasets\combined_6class\test\Plastic\000085_ann3874.jpg,Plastic,Other,0.5063,Metal,0.1809,Glass,0.1653,True,True,True
C:\Users\HP\Desktop\Soutenance-dev\prepared_datasets\combined_6class\test\Plastic\000087_ann631.jpg,Plastic,Plastic,0.9033,Other,0.0601,Metal,0.0265,False,False,True
C:\Users\HP\Desktop\Soutenance-dev\prepared_datasets\combined_6class\test\Plastic\000088_ann2376.jpg,Plastic,Other,0.3718,Glass,0.2497,Metal,0.2013,True,True,True
C:\Users\HP\Desktop\Soutenance-dev\prepared_datasets\combined_6class\test\Plastic\000090_ann1391.jpg,Plastic,Plastic,0.8053,Metal,0.1423,Other,0.0461,False,False,True
C:\Users\HP\Desktop\Soutenance-dev\prepared_datasets\combined_6class\test\Plastic\000091_ann1396.jpg,Plastic,Other,0.4702,Metal,0.2812,Plastic,0.1595,True,True,True
C:\Users\HP\Desktop\Soutenance-dev\prepared_datasets\combined_6class\test\Plastic\000091_ann164.jpg,Plastic,PaperCardboard,0.6799,Metal,0.2367,Glass,0.0665,True,False,True
C:\Users\HP\Desktop\Soutenance-dev\prepared_datasets\combined_6class\test\Plastic\000094_ann1414.jpg,Plastic,Plastic,0.6071,Metal,0.3799,Other,0.0097,False,False,True
C:\Users\HP\Desktop\Soutenance-dev\prepared_datasets\combined_6class\test\Plastic\000094_ann1845.jpg,Plastic,PaperCardboard,0.6368,Plastic,0.2291,Metal,0.062,True,False,True
C:\Users\HP\Desktop\Soutenance-dev\prepared_datasets\combined_6class\test\Plastic\000094_ann4763.jpg,Plastic,Other,0.5063,Metal,0.1809,Glass,0.1653,True,True,True
C:\Users\HP\Desktop\Soutenance-dev\prepared_datasets\combined_6class\test\Plastic\000095_ann1693.jpg,Plastic,Plastic,0.6584,Metal,0.3221,Other,0.0166,False,False,True
C:\Users\HP\Desktop\Soutenance-dev\prepared_datasets\combined_6class\test\Plastic\000099_ann3246.jpg,Plastic,Other,0.5063,Metal,0.1809,Glass,0.1653,True,True,True
C:\Users\HP\Desktop\Soutenance-dev\prepared_datasets\combined_6class\test\Plastic\000104_ann211.jpg,Plastic,PaperCardboard,0.9229,Plastic,0.0469,Metal,0.0164,True,False,True
C:\Users\HP\Desktop\Soutenance-dev\prepared_datasets\combined_6class\test\Plastic\000111_ann3937.jpg,Plastic,Other,0.5063,Metal,0.1809,Glass,0.1653,True,True,True
C:\Users\HP\Desktop\Soutenance-dev\prepared_datasets\combined_6class\test\Plastic\000115_ann232.jpg,Plastic,Plastic,0.5553,Metal,0.2155,Other,0.128,False,False,True
C:\Users\HP\Desktop\Soutenance-dev\prepared_datasets\combined_6class\test\Plastic\000127_ann261.jpg,Plastic,Glass,0.3487,Plastic,0.2962,PaperCardboard,0.2257,True,True,True
C:\Users\HP\Desktop\Soutenance-dev\prepared_datasets\combined_6class\test\Plastic\000128_ann271.jpg,Plastic,Other,0.5497,Glass,0.1232,Metal,0.1195,True,True,True
C:\Users\HP\Desktop\Soutenance-dev\prepared_datasets\combined_6class\test\Plastic\IMG_4893_ann2581.jpg,Plastic,Glass,0.3562,Other,0.3172,Plastic,0.2395,True,True,True
C:\Users\HP\Desktop\Soutenance-dev\prepared_datasets\combined_6class\test\Plastic\plastic101.jpg,Plastic,PaperCardboard,0.2617,Glass,0.2574,Plastic,0.2496,True,True,True
C:\Users\HP\Desktop\Soutenance-dev\prepared_datasets\combined_6class\test\Plastic\plastic11.jpg,Plastic,Plastic,0.4801,PaperCardboard,0.1981,Other,0.1512,False,True,True
C:\Users\HP\Desktop\Soutenance-dev\prepared_datasets\combined_6class\test\Plastic\plastic110.jpg,Plastic,Plastic,0.8276,PaperCardboard,0.1268,Metal,0.0347,False,False,True
C:\Users\HP\Desktop\Soutenance-dev\prepared_datasets\combined_6class\test\Plastic\plastic112.jpg,Plastic,Metal,0.5284,Plastic,0.3488,PaperCardboard,0.0755,True,True,True
C:\Users\HP\Desktop\Soutenance-dev\prepared_datasets\combined_6class\test\Plastic\plastic113.jpg,Plastic,Other,0.4874,Metal,0.2738,Plastic,0.1859,True,True,True
C:\Users\HP\Desktop\Soutenance-dev\prepared_datasets\combined_6class\test\Plastic\plastic119.jpg,Plastic,Glass,0.9807,Other,0.0104,Plastic,0.0065,True,False,True
C:\Users\HP\Desktop\Soutenance-dev\prepared_datasets\combined_6class\test\Plastic\plastic135.jpg,Plastic,Plastic,0.9048,Metal,0.048,Other,0.03,False,False,True
C:\Users\HP\Desktop\Soutenance-dev\prepared_datasets\combined_6class\test\Plastic\plastic139.jpg,Plastic,Metal,0.7615,Glass,0.1222,Plastic,0.057,True,False,True
C:\Users\HP\Desktop\Soutenance-dev\prepared_datasets\combined_6class\test\Plastic\plastic141.jpg,Plastic,Plastic,0.7081,Other,0.1342,Glass,0.0864,False,False,True
C:\Users\HP\Desktop\Soutenance-dev\prepared_datasets\combined_6class\test\Plastic\plastic143.jpg,Plastic,Other,0.839,Plastic,0.1287,Glass,0.0133,True,False,True
C:\Users\HP\Desktop\Soutenance-dev\prepared_datasets\combined_6class\test\Plastic\plastic146.jpg,Plastic,Plastic,0.4082,Other,0.2279,PaperCardboard,0.218,False,True,True
C:\Users\HP\Desktop\Soutenance-dev\prepared_datasets\combined_6class\test\Plastic\plastic150.jpg,Plastic,Plastic,0.5681,PaperCardboard,0.2433,Other,0.1262,False,False,True
C:\Users\HP\Desktop\Soutenance-dev\prepared_datasets\combined_6class\test\Plastic\plastic156.jpg,Plastic,Other,0.5865,Plastic,0.2104,Glass,0.1145,True,False,True
C:\Users\HP\Desktop\Soutenance-dev\prepared_datasets\combined_6class\test\Plastic\plastic163.jpg,Plastic,Other,0.8115,Glass,0.1076,Plastic,0.0505,True,False,True
C:\Users\HP\Desktop\Soutenance-dev\prepared_datasets\combined_6class\test\Plastic\plastic170.jpg,Plastic,Glass,0.7102,Metal,0.0859,Other,0.0856,True,False,True
C:\Users\HP\Desktop\Soutenance-dev\prepared_datasets\combined_6class\test\Plastic\plastic172.jpg,Plastic,Plastic,0.5726,Other,0.3012,Glass,0.0976,False,False,True
C:\Users\HP\Desktop\Soutenance-dev\prepared_datasets\combined_6class\test\Plastic\plastic188.jpg,Plastic,Metal,0.4213,Plastic,0.2693,Glass,0.2366,True,True,True
C:\Users\HP\Desktop\Soutenance-dev\prepared_datasets\combined_6class\test\Plastic\plastic190.jpg,Plastic,Glass,0.5238,Other,0.3208,Metal,0.1124,True,True,True
C:\Users\HP\Desktop\Soutenance-dev\prepared_datasets\combined_6class\test\Plastic\plastic199.jpg,Plastic,Glass,0.8287,Metal,0.1431,PaperCardboard,0.017,True,False,True
C:\Users\HP\Desktop\Soutenance-dev\prepared_datasets\combined_6class\test\Plastic\plastic2.jpg,Plastic,Plastic,0.6887,Glass,0.1201,PaperCardboard,0.1091,False,False,True
C:\Users\HP\Desktop\Soutenance-dev\prepared_datasets\combined_6class\test\Plastic\plastic20.jpg,Plastic,Plastic,0.9983,Metal,0.001,Other,0.0006,False,False,True
C:\Users\HP\Desktop\Soutenance-dev\prepared_datasets\combined_6class\test\Plastic\plastic201.jpg,Plastic,Plastic,0.9558,Metal,0.0158,Other,0.0143,False,False,True
C:\Users\HP\Desktop\Soutenance-dev\prepared_datasets\combined_6class\test\Plastic\plastic206.jpg,Plastic,Plastic,0.4284,Glass,0.3941,Other,0.0802,False,True,True
C:\Users\HP\Desktop\Soutenance-dev\prepared_datasets\combined_6class\test\Plastic\plastic211.jpg,Plastic,Plastic,0.8326,Metal,0.073,Glass,0.051,False,False,True
C:\Users\HP\Desktop\Soutenance-dev\prepared_datasets\combined_6class\test\Plastic\plastic220.jpg,Plastic,Other,0.5699,Plastic,0.422,Metal,0.0045,True,False,True
C:\Users\HP\Desktop\Soutenance-dev\prepared_datasets\combined_6class\test\Plastic\plastic225.jpg,Plastic,Plastic,0.9693,Other,0.0192,Glass,0.0048,False,False,True
C:\Users\HP\Desktop\Soutenance-dev\prepared_datasets\combined_6class\test\Plastic\plastic227.jpg,Plastic,Plastic,0.9793,Metal,0.0123,Other,0.0043,False,False,True
C:\Users\HP\Desktop\Soutenance-dev\prepared_datasets\combined_6class\test\Plastic\plastic234.jpg,Plastic,Plastic,0.9795,Glass,0.0074,Metal,0.006,False,False,True
C:\Users\HP\Desktop\Soutenance-dev\prepared_datasets\combined_6class\test\Plastic\plastic254.jpg,Plastic,Plastic,0.5664,PaperCardboard,0.1583,Other,0.1385,False,False,True
C:\Users\HP\Desktop\Soutenance-dev\prepared_datasets\combined_6class\test\Plastic\plastic256.jpg,Plastic,Plastic,0.8473,Glass,0.1076,Other,0.0296,False,False,True
C:\Users\HP\Desktop\Soutenance-dev\prepared_datasets\combined_6class\test\Plastic\plastic258.jpg,Plastic,Plastic,0.9456,Metal,0.0264,Other,0.0143,False,False,True
C:\Users\HP\Desktop\Soutenance-dev\prepared_datasets\combined_6class\test\Plastic\plastic264.jpg,Plastic,Glass,0.6481,Metal,0.2294,Other,0.0987,True,False,True
C:\Users\HP\Desktop\Soutenance-dev\prepared_datasets\combined_6class\test\Plastic\plastic266.jpg,Plastic,Other,0.5849,Plastic,0.3371,Metal,0.0646,True,False,True
C:\Users\HP\Desktop\Soutenance-dev\prepared_datasets\combined_6class\test\Plastic\plastic273.jpg,Plastic,Other,0.4276,Glass,0.3439,PaperCardboard,0.1586,True,True,True
C:\Users\HP\Desktop\Soutenance-dev\prepared_datasets\combined_6class\test\Plastic\plastic274.jpg,Plastic,Plastic,0.7992,Glass,0.1341,Other,0.0481,False,False,True
C:\Users\HP\Desktop\Soutenance-dev\prepared_datasets\combined_6class\test\Plastic\plastic292.jpg,Plastic,Plastic,0.9876,Other,0.0055,Metal,0.0035,False,False,True
C:\Users\HP\Desktop\Soutenance-dev\prepared_datasets\combined_6class\test\Plastic\plastic294.jpg,Plastic,Plastic,0.8258,Glass,0.1293,Other,0.0296,False,False,True
C:\Users\HP\Desktop\Soutenance-dev\prepared_datasets\combined_6class\test\Plastic\plastic305.jpg,Plastic,Other,0.8358,Plastic,0.1353,PaperCardboard,0.0224,True,False,True
C:\Users\HP\Desktop\Soutenance-dev\prepared_datasets\combined_6class\test\Plastic\plastic310.jpg,Plastic,Plastic,0.7686,Other,0.2266,Metal,0.0032,False,False,True
C:\Users\HP\Desktop\Soutenance-dev\prepared_datasets\combined_6class\test\Plastic\plastic331.jpg,Plastic,Plastic,0.9757,Other,0.0147,Glass,0.0057,False,False,True
C:\Users\HP\Desktop\Soutenance-dev\prepared_datasets\combined_6class\test\Plastic\plastic346.jpg,Plastic,Glass,0.5309,Plastic,0.3807,Other,0.0694,True,True,True
C:\Users\HP\Desktop\Soutenance-dev\prepared_datasets\combined_6class\test\Plastic\plastic350.jpg,Plastic,Plastic,0.8699,Glass,0.0571,Other,0.0503,False,False,True
C:\Users\HP\Desktop\Soutenance-dev\prepared_datasets\combined_6class\test\Plastic\plastic353.jpg,Plastic,Plastic,0.9783,Other,0.0104,Glass,0.0063,False,False,True
C:\Users\HP\Desktop\Soutenance-dev\prepared_datasets\combined_6class\test\Plastic\plastic358.jpg,Plastic,Plastic,0.9847,Other,0.0066,Metal,0.0057,False,False,True
C:\Users\HP\Desktop\Soutenance-dev\prepared_datasets\combined_6class\test\Plastic\plastic365.jpg,Plastic,Plastic,0.9882,Other,0.0046,Glass,0.0043,False,False,True
C:\Users\HP\Desktop\Soutenance-dev\prepared_datasets\combined_6class\test\Plastic\plastic370.jpg,Plastic,Plastic,0.8137,Metal,0.0929,Glass,0.0466,False,False,True
C:\Users\HP\Desktop\Soutenance-dev\prepared_datasets\combined_6class\test\Plastic\plastic371.jpg,Plastic,Plastic,0.6579,Glass,0.2574,Metal,0.0415,False,False,True
C:\Users\HP\Desktop\Soutenance-dev\prepared_datasets\combined_6class\test\Plastic\plastic377.jpg,Plastic,Plastic,0.9948,Metal,0.0027,Other,0.0014,False,False,True
C:\Users\HP\Desktop\Soutenance-dev\prepared_datasets\combined_6class\test\Plastic\plastic378.jpg,Plastic,Plastic,0.981,Other,0.01,Metal,0.0044,False,False,True
C:\Users\HP\Desktop\Soutenance-dev\prepared_datasets\combined_6class\test\Plastic\plastic384.jpg,Plastic,Plastic,0.9413,Metal,0.0369,Other,0.011,False,False,True
C:\Users\HP\Desktop\Soutenance-dev\prepared_datasets\combined_6class\test\Plastic\plastic389.jpg,Plastic,Plastic,0.648,Glass,0.2389,Metal,0.0741,False,False,True
C:\Users\HP\Desktop\Soutenance-dev\prepared_datasets\combined_6class\test\Plastic\plastic394.jpg,Plastic,Plastic,0.8846,Glass,0.054,Metal,0.0362,False,False,True
C:\Users\HP\Desktop\Soutenance-dev\prepared_datasets\combined_6class\test\Plastic\plastic399.jpg,Plastic,Plastic,0.9759,Glass,0.0118,Other,0.0071,False,False,True
C:\Users\HP\Desktop\Soutenance-dev\prepared_datasets\combined_6class\test\Plastic\plastic410.jpg,Plastic,Other,0.5395,Plastic,0.4334,PaperCardboard,0.0176,True,True,True
C:\Users\HP\Desktop\Soutenance-dev\prepared_datasets\combined_6class\test\Plastic\plastic420.jpg,Plastic,Plastic,0.9428,Metal,0.0291,Other,0.0142,False,False,True
C:\Users\HP\Desktop\Soutenance-dev\prepared_datasets\combined_6class\test\Plastic\plastic422.jpg,Plastic,Plastic,0.9625,Other,0.0112,Glass,0.0097,False,False,True
C:\Users\HP\Desktop\Soutenance-dev\prepared_datasets\combined_6class\test\Plastic\plastic423.jpg,Plastic,Plastic,0.9884,Other,0.0047,PaperCardboard,0.0035,False,False,True
C:\Users\HP\Desktop\Soutenance-dev\prepared_datasets\combined_6class\test\Plastic\plastic429.jpg,Plastic,Other,0.8096,Plastic,0.1783,Metal,0.0076,True,False,True
C:\Users\HP\Desktop\Soutenance-dev\prepared_datasets\combined_6class\test\Plastic\plastic435.jpg,Plastic,Glass,0.6689,Other,0.162,Plastic,0.0981,True,False,True
C:\Users\HP\Desktop\Soutenance-dev\prepared_datasets\combined_6class\test\Plastic\plastic439.jpg,Plastic,Plastic,0.9589,Other,0.022,Metal,0.0088,False,False,True
C:\Users\HP\Desktop\Soutenance-dev\prepared_datasets\combined_6class\test\Plastic\plastic440.jpg,Plastic,Plastic,0.8894,Glass,0.0466,Other,0.0295,False,False,True
C:\Users\HP\Desktop\Soutenance-dev\prepared_datasets\combined_6class\test\Plastic\plastic449.jpg,Plastic,Other,0.4992,Glass,0.1916,PaperCardboard,0.1752,True,True,True
C:\Users\HP\Desktop\Soutenance-dev\prepared_datasets\combined_6class\test\Plastic\plastic450.jpg,Plastic,Other,0.5231,Plastic,0.3049,PaperCardboard,0.1228,True,True,True
C:\Users\HP\Desktop\Soutenance-dev\prepared_datasets\combined_6class\test\Plastic\plastic470.jpg,Plastic,Other,0.4834,Plastic,0.3669,PaperCardboard,0.1383,True,True,True
C:\Users\HP\Desktop\Soutenance-dev\prepared_datasets\combined_6class\test\Plastic\plastic471.jpg,Plastic,Other,0.5881,Plastic,0.2787,Glass,0.077,True,False,True
C:\Users\HP\Desktop\Soutenance-dev\prepared_datasets\combined_6class\test\Plastic\plastic472.jpg,Plastic,Plastic,0.5588,Other,0.1898,Glass,0.189,False,False,True
C:\Users\HP\Desktop\Soutenance-dev\prepared_datasets\combined_6class\test\Plastic\plastic67.jpg,Plastic,Plastic,0.9937,Other,0.003,PaperCardboard,0.0023,False,False,True
C:\Users\HP\Desktop\Soutenance-dev\prepared_datasets\combined_6class\test\Plastic\plastic76.jpg,Plastic,Plastic,0.8603,Metal,0.081,Glass,0.0321,False,False,True
C:\Users\HP\Desktop\Soutenance-dev\prepared_datasets\combined_6class\test\Plastic\plastic81.jpg,Plastic,Plastic,0.9918,Other,0.0051,Metal,0.0022,False,False,True
C:\Users\HP\Desktop\Soutenance-dev\prepared_datasets\combined_6class\test\Plastic\plastic84.jpg,Plastic,Metal,0.5406,Glass,0.1873,PaperCardboard,0.1172,True,True,True
C:\Users\HP\Desktop\Soutenance-dev\prepared_datasets\combined_6class\test\Plastic\plastic87.jpg,Plastic,Other,0.371,PaperCardboard,0.3222,Glass,0.2256,True,True,True
C:\Users\HP\Desktop\Soutenance-dev\prepared_datasets\combined_6class\test\Plastic\plastic90.jpg,Plastic,Plastic,0.6826,Metal,0.2879,Glass,0.0137,False,False,True
C:\Users\HP\Desktop\Soutenance-dev\prepared_datasets\combined_6class\test\Plastic\plastic96.jpg,Plastic,Plastic,0.916,Other,0.0379,Glass,0.0272,False,False,True
