split,image_path,true_class,predicted_class,predicted_probability,top2_class,top2_probability,transition
train,C:\Users\HP\Desktop\Soutenance-dev\prepared_datasets\combined_6class\train\Glass\000015_ann3558.jpg,Glass,Other,0.5063,Metal,0.1809,Glass -> Other
train,C:\Users\HP\Desktop\Soutenance-dev\prepared_datasets\combined_6class\train\Glass\000021_ann4120.jpg,Glass,Other,0.5063,Metal,0.1809,Glass -> Other
train,C:\Users\HP\Desktop\Soutenance-dev\prepared_datasets\combined_6class\train\Glass\000027_ann3103.jpg,Glass,Other,0.5063,Metal,0.1809,Glass -> Other
train,C:\Users\HP\Desktop\Soutenance-dev\prepared_datasets\combined_6class\train\Glass\000035_ann4259.jpg,Glass,Other,0.5063,Metal,0.1809,Glass -> Other
train,C:\Users\HP\Desktop\Soutenance-dev\prepared_datasets\combined_6class\train\Glass\000036_ann4264.jpg,Glass,Other,0.5063,Metal,0.1809,Glass -> Other
train,C:\Users\HP\Desktop\Soutenance-dev\prepared_datasets\combined_6class\train\Glass\000037_ann4269.jpg,Glass,Other,0.5063,Metal,0.1809,Glass -> Other
train,C:\Users\HP\Desktop\Soutenance-dev\prepared_datasets\combined_6class\train\Glass\000038_ann4271.jpg,Glass,Other,0.5063,Metal,0.1809,Glass -> Other
train,C:\Users\HP\Desktop\Soutenance-dev\prepared_datasets\combined_6class\train\Glass\000038_ann4272.jpg,Glass,Other,0.5063,Metal,0.1809,Glass -> Other
train,C:\Users\HP\Desktop\Soutenance-dev\prepared_datasets\combined_6class\train\Glass\000039_ann4274.jpg,Glass,Other,0.5063,Metal,0.1809,Glass -> Other
train,C:\Users\HP\Desktop\Soutenance-dev\prepared_datasets\combined_6class\train\Glass\000073_ann4410.jpg,Glass,Other,0.5063,Metal,0.1809,Glass -> Other
train,C:\Users\HP\Desktop\Soutenance-dev\prepared_datasets\combined_6class\train\Glass\000076_ann3291.jpg,Glass,Other,0.5063,Metal,0.1809,Glass -> Other
train,C:\Users\HP\Desktop\Soutenance-dev\prepared_datasets\combined_6class\train\Glass\000076_ann4686.jpg,Glass,Other,0.5063,Metal,0.1809,Glass -> Other
train,C:\Users\HP\Desktop\Soutenance-dev\prepared_datasets\combined_6class\train\Glass\000091_ann646.jpg,Glass,Other,0.5834,Plastic,0.2966,Glass -> Other
train,C:\Users\HP\Desktop\Soutenance-dev\prepared_datasets\combined_6class\train\Glass\000094_ann4765.jpg,Glass,Other,0.5063,Metal,0.1809,Glass -> Other
train,C:\Users\HP\Desktop\Soutenance-dev\prepared_datasets\combined_6class\train\Glass\000096_ann1850.jpg,Glass,Other,0.5063,Metal,0.1809,Glass -> Other
train,C:\Users\HP\Desktop\Soutenance-dev\prepared_datasets\combined_6class\train\Glass\000096_ann3919.jpg,Glass,Other,0.5063,Metal,0.1809,Glass -> Other
train,C:\Users\HP\Desktop\Soutenance-dev\prepared_datasets\combined_6class\train\Glass\000119_ann3949.jpg,Glass,Other,0.5063,Metal,0.1809,Glass -> Other
train,C:\Users\HP\Desktop\Soutenance-dev\prepared_datasets\combined_6class\train\Glass\glass174.jpg,Glass,Other,0.5476,Glass,0.4066,Glass -> Other
train,C:\Users\HP\Desktop\Soutenance-dev\prepared_datasets\combined_6class\train\Glass\glass205.jpg,Glass,Other,0.5404,Glass,0.3722,Glass -> Other
train,C:\Users\HP\Desktop\Soutenance-dev\prepared_datasets\combined_6class\train\Glass\glass215.jpg,Glass,Other,0.6825,Plastic,0.1981,Glass -> Other
train,C:\Users\HP\Desktop\Soutenance-dev\prepared_datasets\combined_6class\train\Glass\glass221.jpg,Glass,Other,0.4698,Glass,0.4434,Glass -> Other
train,C:\Users\HP\Desktop\Soutenance-dev\prepared_datasets\combined_6class\train\Glass\glass240.jpg,Glass,Other,0.5023,Glass,0.38,Glass -> Other
train,C:\Users\HP\Desktop\Soutenance-dev\prepared_datasets\combined_6class\train\Metal\000000_ann1882.jpg,Metal,Other,0.7862,Metal,0.1523,Metal -> Other
train,C:\Users\HP\Desktop\Soutenance-dev\prepared_datasets\combined_6class\train\Metal\000008_ann4060.jpg,Metal,Other,0.5063,Metal,0.1809,Metal -> Other
train,C:\Users\HP\Desktop\Soutenance-dev\prepared_datasets\combined_6class\train\Metal\000009_ann4066.jpg,Metal,Other,0.5063,Metal,0.1809,Metal -> Other
train,C:\Users\HP\Desktop\Soutenance-dev\prepared_datasets\combined_6class\train\Metal\000013_ann3560.jpg,Metal,Other,0.5063,Metal,0.1809,Metal -> Other
train,C:\Users\HP\Desktop\Soutenance-dev\prepared_datasets\combined_6class\train\Metal\000014_ann4079.jpg,Metal,Other,0.5063,Metal,0.1809,Metal -> Other
train,C:\Users\HP\Desktop\Soutenance-dev\prepared_datasets\combined_6class\train\Metal\000014_ann4081.jpg,Metal,Other,0.5063,Metal,0.1809,Metal -> Other
train,C:\Users\HP\Desktop\Soutenance-dev\prepared_datasets\combined_6class\train\Metal\000014_ann4082.jpg,Metal,Other,0.5063,Metal,0.1809,Metal -> Other
train,C:\Users\HP\Desktop\Soutenance-dev\prepared_datasets\combined_6class\train\Metal\000014_ann4084.jpg,Metal,Other,0.5063,Metal,0.1809,Metal -> Other
train,C:\Users\HP\Desktop\Soutenance-dev\prepared_datasets\combined_6class\train\Metal\000014_ann4085.jpg,Metal,Other,0.5063,Metal,0.1809,Metal -> Other
train,C:\Users\HP\Desktop\Soutenance-dev\prepared_datasets\combined_6class\train\Metal\000014_ann4088.jpg,Metal,Other,0.5063,Metal,0.1809,Metal -> Other
train,C:\Users\HP\Desktop\Soutenance-dev\prepared_datasets\combined_6class\train\Metal\000014_ann4089.jpg,Metal,Other,0.5063,Metal,0.1809,Metal -> Other
train,C:\Users\HP\Desktop\Soutenance-dev\prepared_datasets\combined_6class\train\Metal\000014_ann4090.jpg,Metal,Other,0.5063,Metal,0.1809,Metal -> Other
train,C:\Users\HP\Desktop\Soutenance-dev\prepared_datasets\combined_6class\train\Metal\000014_ann4091.jpg,Metal,Other,0.5063,Metal,0.1809,Metal -> Other
train,C:\Users\HP\Desktop\Soutenance-dev\prepared_datasets\combined_6class\train\Metal\000016_ann3080.jpg,Metal,Other,0.5063,Metal,0.1809,Metal -> Other
train,C:\Users\HP\Desktop\Soutenance-dev\prepared_datasets\combined_6class\train\Metal\000018_ann958.jpg,Metal,Glass,0.8248,Plastic,0.0816,Metal -> Glass
train,C:\Users\HP\Desktop\Soutenance-dev\prepared_datasets\combined_6class\train\Metal\000024_ann1741.jpg,Metal,Other,0.4779,Metal,0.2544,Metal -> Other
train,C:\Users\HP\Desktop\Soutenance-dev\prepared_datasets\combined_6class\train\Metal\000024_ann3530.jpg,Metal,Other,0.5063,Metal,0.1809,Metal -> Other
train,C:\Users\HP\Desktop\Soutenance-dev\prepared_datasets\combined_6class\train\Metal\000025_ann3691.jpg,Metal,Other,0.5063,Metal,0.1809,Metal -> Other
train,C:\Users\HP\Desktop\Soutenance-dev\prepared_datasets\combined_6class\train\Metal\000027_ann2258.jpg,Metal,Glass,0.615,Metal,0.3297,Metal -> Glass
train,C:\Users\HP\Desktop\Soutenance-dev\prepared_datasets\combined_6class\train\Metal\000027_ann83.jpg,Metal,Other,0.6284,Metal,0.1739,Metal -> Other
train,C:\Users\HP\Desktop\Soutenance-dev\prepared_datasets\combined_6class\train\Metal\000028_ann4210.jpg,Metal,Other,0.5063,Metal,0.1809,Metal -> Other
train,C:\Users\HP\Desktop\Soutenance-dev\prepared_datasets\combined_6class\train\Metal\000029_ann2261.jpg,Metal,Glass,0.478,Other,0.2725,Metal -> Glass
train,C:\Users\HP\Desktop\Soutenance-dev\prepared_datasets\combined_6class\train\Metal\000030_ann2050.jpg,Metal,Other,0.5,Metal,0.2604,Metal -> Other
train,C:\Users\HP\Desktop\Soutenance-dev\prepared_datasets\combined_6class\train\Metal\000035_ann2268.jpg,Metal,Glass,0.4818,Metal,0.3277,Metal -> Glass
train,C:\Users\HP\Desktop\Soutenance-dev\prepared_datasets\combined_6class\train\Metal\000040_ann3133.jpg,Metal,Other,0.5063,Metal,0.1809,Metal -> Other
train,C:\Users\HP\Desktop\Soutenance-dev\prepared_datasets\combined_6class\train\Metal\000044_ann1135.jpg,Metal,Glass,0.686,Metal,0.1554,Metal -> Glass
train,C:\Users\HP\Desktop\Soutenance-dev\prepared_datasets\combined_6class\train\Metal\000045_ann115.jpg,Metal,Glass,0.5945,Metal,0.3112,Metal -> Glass
train,C:\Users\HP\Desktop\Soutenance-dev\prepared_datasets\combined_6class\train\Metal\000046_ann3146.jpg,Metal,Other,0.5063,Metal,0.1809,Metal -> Other
train,C:\Users\HP\Desktop\Soutenance-dev\prepared_datasets\combined_6class\train\Metal\000047_ann11.jpg,Metal,Glass,0.5292,Metal,0.4183,Metal -> Glass
train,C:\Users\HP\Desktop\Soutenance-dev\prepared_datasets\combined_6class\train\Metal\000051_ann3167.jpg,Metal,Other,0.5063,Metal,0.1809,Metal -> Other
train,C:\Users\HP\Desktop\Soutenance-dev\prepared_datasets\combined_6class\train\Metal\000053_ann1195.jpg,Metal,Other,0.646,Glass,0.1386,Metal -> Other
train,C:\Users\HP\Desktop\Soutenance-dev\prepared_datasets\combined_6class\train\Metal\000057_ann3435.jpg,Metal,Other,0.5063,Metal,0.1809,Metal -> Other
train,C:\Users\HP\Desktop\Soutenance-dev\prepared_datasets\combined_6class\train\Metal\000057_ann3436.jpg,Metal,Other,0.5063,Metal,0.1809,Metal -> Other
train,C:\Users\HP\Desktop\Soutenance-dev\prepared_datasets\combined_6class\train\Metal\000057_ann3437.jpg,Metal,Other,0.5063,Metal,0.1809,Metal -> Other
train,C:\Users\HP\Desktop\Soutenance-dev\prepared_datasets\combined_6class\train\Metal\000057_ann3438.jpg,Metal,Other,0.5063,Metal,0.1809,Metal -> Other
train,C:\Users\HP\Desktop\Soutenance-dev\prepared_datasets\combined_6class\train\Metal\000057_ann3442.jpg,Metal,Other,0.5063,Metal,0.1809,Metal -> Other
train,C:\Users\HP\Desktop\Soutenance-dev\prepared_datasets\combined_6class\train\Metal\000057_ann3444.jpg,Metal,Other,0.5063,Metal,0.1809,Metal -> Other
train,C:\Users\HP\Desktop\Soutenance-dev\prepared_datasets\combined_6class\train\Metal\000059_ann4353.jpg,Metal,Other,0.5063,Metal,0.1809,Metal -> Other
train,C:\Users\HP\Desktop\Soutenance-dev\prepared_datasets\combined_6class\train\Metal\000059_ann93.jpg,Metal,Glass,0.6513,Metal,0.2472,Metal -> Glass
train,C:\Users\HP\Desktop\Soutenance-dev\prepared_datasets\combined_6class\train\Metal\000072_ann4405.jpg,Metal,Other,0.5063,Metal,0.1809,Metal -> Other
train,C:\Users\HP\Desktop\Soutenance-dev\prepared_datasets\combined_6class\train\Metal\000078_ann3283.jpg,Metal,Other,0.5063,Metal,0.1809,Metal -> Other
train,C:\Users\HP\Desktop\Soutenance-dev\prepared_datasets\combined_6class\train\Metal\000083_ann4712.jpg,Metal,Other,0.5063,Metal,0.1809,Metal -> Other
train,C:\Users\HP\Desktop\Soutenance-dev\prepared_datasets\combined_6class\train\Metal\000088_ann158.jpg,Metal,Glass,0.6758,Metal,0.2896,Metal -> Glass
train,C:\Users\HP\Desktop\Soutenance-dev\prepared_datasets\combined_6class\train\Metal\000088_ann4451.jpg,Metal,Other,0.5063,Metal,0.1809,Metal -> Other
train,C:\Users\HP\Desktop\Soutenance-dev\prepared_datasets\combined_6class\train\Metal\000092_ann3912.jpg,Metal,Other,0.5063,Metal,0.1809,Metal -> Other
train,C:\Users\HP\Desktop\Soutenance-dev\prepared_datasets\combined_6class\train\Metal\000092_ann3913.jpg,Metal,Other,0.5063,Metal,0.1809,Metal -> Other
train,C:\Users\HP\Desktop\Soutenance-dev\prepared_datasets\combined_6class\train\Metal\000095_ann3918.jpg,Metal,Other,0.5063,Metal,0.1809,Metal -> Other
train,C:\Users\HP\Desktop\Soutenance-dev\prepared_datasets\combined_6class\train\Metal\000095_ann4464.jpg,Metal,Other,0.5063,Metal,0.1809,Metal -> Other
train,C:\Users\HP\Desktop\Soutenance-dev\prepared_datasets\combined_6class\train\Metal\000097_ann4467.jpg,Metal,Other,0.5063,Metal,0.1809,Metal -> Other
train,C:\Users\HP\Desktop\Soutenance-dev\prepared_datasets\combined_6class\train\Metal\000097_ann4468.jpg,Metal,Other,0.5063,Metal,0.1809,Metal -> Other
train,C:\Users\HP\Desktop\Soutenance-dev\prepared_datasets\combined_6class\train\Metal\000114_ann3942.jpg,Metal,Other,0.5063,Metal,0.1809,Metal -> Other
train,C:\Users\HP\Desktop\Soutenance-dev\prepared_datasets\combined_6class\train\Metal\000118_ann3948.jpg,Metal,Other,0.5063,Metal,0.1809,Metal -> Other
train,C:\Users\HP\Desktop\Soutenance-dev\prepared_datasets\combined_6class\train\Metal\IMG_4977_ann2487.jpg,Metal,Other,0.876,Plastic,0.0691,Metal -> Other
train,C:\Users\HP\Desktop\Soutenance-dev\prepared_datasets\combined_6class\train\Metal\IMG_5050_ann2524.jpg,Metal,Glass,0.945,Metal,0.0327,Metal -> Glass
train,C:\Users\HP\Desktop\Soutenance-dev\prepared_datasets\combined_6class\train\Metal\IMG_5058_ann2542.jpg,Metal,Other,0.6728,Metal,0.1736,Metal -> Other
train,C:\Users\HP\Desktop\Soutenance-dev\prepared_datasets\combined_6class\train\Metal\metal10.jpg,Metal,Glass,0.8963,Metal,0.0685,Metal -> Glass
train,C:\Users\HP\Desktop\Soutenance-dev\prepared_datasets\combined_6class\train\Metal\metal104.jpg,Metal,Glass,0.7796,Other,0.1593,Metal -> Glass
train,C:\Users\HP\Desktop\Soutenance-dev\prepared_datasets\combined_6class\train\Metal\metal105.jpg,Metal,Glass,0.5369,Metal,0.3702,Metal -> Glass
train,C:\Users\HP\Desktop\Soutenance-dev\prepared_datasets\combined_6class\train\Metal\metal109.jpg,Metal,Glass,0.8148,Metal,0.1602,Metal -> Glass
train,C:\Users\HP\Desktop\Soutenance-dev\prepared_datasets\combined_6class\train\Metal\metal116.jpg,Metal,Glass,0.609,Metal,0.297,Metal -> Glass
train,C:\Users\HP\Desktop\Soutenance-dev\prepared_datasets\combined_6class\train\Metal\metal127.jpg,Metal,Glass,0.749,Metal,0.1929,Metal -> Glass
train,C:\Users\HP\Desktop\Soutenance-dev\prepared_datasets\combined_6class\train\Metal\metal139.jpg,Metal,Glass,0.5029,Metal,0.4498,Metal -> Glass
train,C:\Users\HP\Desktop\Soutenance-dev\prepared_datasets\combined_6class\train\Metal\metal151.jpg,Metal,Glass,0.5264,Metal,0.4262,Metal -> Glass
train,C:\Users\HP\Desktop\Soutenance-dev\prepared_datasets\combined_6class\train\Metal\metal164.jpg,Metal,Other,0.4742,Metal,0.2702,Metal -> Other
train,C:\Users\HP\Desktop\Soutenance-dev\prepared_datasets\combined_6class\train\Metal\metal175.jpg,Metal,Glass,0.6195,Metal,0.331,Metal -> Glass
train,C:\Users\HP\Desktop\Soutenance-dev\prepared_datasets\combined_6class\train\Metal\metal178.jpg,Metal,Glass,0.8148,Metal,0.1607,Metal -> Glass
train,C:\Users\HP\Desktop\Soutenance-dev\prepared_datasets\combined_6class\train\Metal\metal200.jpg,Metal,Glass,0.8945,Metal,0.0834,Metal -> Glass
train,C:\Users\HP\Desktop\Soutenance-dev\prepared_datasets\combined_6class\train\Metal\metal222.jpg,Metal,Glass,0.6342,Metal,0.3516,Metal -> Glass
train,C:\Users\HP\Desktop\Soutenance-dev\prepared_datasets\combined_6class\train\Metal\metal225.jpg,Metal,Other,0.9917,Metal,0.0024,Metal -> Other
train,C:\Users\HP\Desktop\Soutenance-dev\prepared_datasets\combined_6class\train\Metal\metal228.jpg,Metal,Glass,0.4761,Metal,0.4589,Metal -> Glass
train,C:\Users\HP\Desktop\Soutenance-dev\prepared_datasets\combined_6class\train\Metal\metal248.jpg,Metal,Glass,0.6313,Metal,0.3502,Metal -> Glass
train,C:\Users\HP\Desktop\Soutenance-dev\prepared_datasets\combined_6class\train\Metal\metal250.jpg,Metal,Other,0.8557,Glass,0.0783,Metal -> Other
train,C:\Users\HP\Desktop\Soutenance-dev\prepared_datasets\combined_6class\train\Metal\metal256.jpg,Metal,Glass,0.8341,Other,0.0719,Metal -> Glass
train,C:\Users\HP\Desktop\Soutenance-dev\prepared_datasets\combined_6class\train\Metal\metal264.jpg,Metal,Glass,0.8943,Metal,0.0805,Metal -> Glass
train,C:\Users\HP\Desktop\Soutenance-dev\prepared_datasets\combined_6class\train\Metal\metal267.jpg,Metal,Glass,0.5211,Metal,0.3835,Metal -> Glass
train,C:\Users\HP\Desktop\Soutenance-dev\prepared_datasets\combined_6class\train\Metal\metal272.jpg,Metal,Glass,0.5725,Metal,0.3617,Metal -> Glass
train,C:\Users\HP\Desktop\Soutenance-dev\prepared_datasets\combined_6class\train\Metal\metal286.jpg,Metal,Glass,0.6021,Metal,0.378,Metal -> Glass
train,C:\Users\HP\Desktop\Soutenance-dev\prepared_datasets\combined_6class\train\Metal\metal288.jpg,Metal,Glass,0.6972,Metal,0.2839,Metal -> Glass
train,C:\Users\HP\Desktop\Soutenance-dev\prepared_datasets\combined_6class\train\Metal\metal298.jpg,Metal,Other,0.9429,Metal,0.0453,Metal -> Other
train,C:\Users\HP\Desktop\Soutenance-dev\prepared_datasets\combined_6class\train\Metal\metal302.jpg,Metal,Glass,0.5196,Metal,0.4171,Metal -> Glass
train,C:\Users\HP\Desktop\Soutenance-dev\prepared_datasets\combined_6class\train\Metal\metal304.jpg,Metal,Glass,0.7318,Metal,0.2308,Metal -> Glass
train,C:\Users\HP\Desktop\Soutenance-dev\prepared_datasets\combined_6class\train\Metal\metal308.jpg,Metal,Glass,0.5796,Metal,0.3787,Metal -> Glass
train,C:\Users\HP\Desktop\Soutenance-dev\prepared_datasets\combined_6class\train\Metal\metal316.jpg,Metal,Glass,0.5917,Metal,0.3804,Metal -> Glass
train,C:\Users\HP\Desktop\Soutenance-dev\prepared_datasets\combined_6class\train\Metal\metal318.jpg,Metal,Glass,0.8332,Metal,0.0934,Metal -> Glass
train,C:\Users\HP\Desktop\Soutenance-dev\prepared_datasets\combined_6class\train\Metal\metal326.jpg,Metal,Glass,0.5121,Metal,0.4686,Metal -> Glass
train,C:\Users\HP\Desktop\Soutenance-dev\prepared_datasets\combined_6class\train\Metal\metal327.jpg,Metal,Glass,0.8814,Metal,0.0946,Metal -> Glass
train,C:\Users\HP\Desktop\Soutenance-dev\prepared_datasets\combined_6class\train\Metal\metal36.jpg,Metal,Glass,0.5866,Metal,0.3349,Metal -> Glass
train,C:\Users\HP\Desktop\Soutenance-dev\prepared_datasets\combined_6class\train\Metal\metal366.jpg,Metal,Glass,0.7777,Metal,0.1893,Metal -> Glass
train,C:\Users\HP\Desktop\Soutenance-dev\prepared_datasets\combined_6class\train\Metal\metal369.jpg,Metal,Glass,0.6012,Metal,0.3216,Metal -> Glass
train,C:\Users\HP\Desktop\Soutenance-dev\prepared_datasets\combined_6class\train\Metal\metal373.jpg,Metal,Glass,0.6789,Metal,0.2648,Metal -> Glass
train,C:\Users\HP\Desktop\Soutenance-dev\prepared_datasets\combined_6class\train\Metal\metal384.jpg,Metal,Glass,0.5549,Metal,0.3407,Metal -> Glass
train,C:\Users\HP\Desktop\Soutenance-dev\prepared_datasets\combined_6class\train\Metal\metal391.jpg,Metal,Glass,0.5258,Metal,0.4575,Metal -> Glass
train,C:\Users\HP\Desktop\Soutenance-dev\prepared_datasets\combined_6class\train\Metal\metal399.jpg,Metal,Glass,0.5838,Metal,0.3452,Metal -> Glass
train,C:\Users\HP\Desktop\Soutenance-dev\prepared_datasets\combined_6class\train\Metal\metal47.jpg,Metal,Glass,0.5411,Metal,0.3539,Metal -> Glass
train,C:\Users\HP\Desktop\Soutenance-dev\prepared_datasets\combined_6class\train\Metal\metal48.jpg,Metal,Glass,0.9218,Metal,0.0418,Metal -> Glass
train,C:\Users\HP\Desktop\Soutenance-dev\prepared_datasets\combined_6class\train\Metal\metal63.jpg,Metal,Glass,0.6849,Metal,0.2684,Metal -> Glass
train,C:\Users\HP\Desktop\Soutenance-dev\prepared_datasets\combined_6class\train\Metal\metal66.jpg,Metal,Glass,0.8863,Metal,0.0986,Metal -> Glass
train,C:\Users\HP\Desktop\Soutenance-dev\prepared_datasets\combined_6class\train\Metal\metal91.jpg,Metal,Glass,0.95,Metal,0.0409,Metal -> Glass
train,C:\Users\HP\Desktop\Soutenance-dev\prepared_datasets\combined_6class\train\Metal\metal95.jpg,Metal,Glass,0.5287,Metal,0.2017,Metal -> Glass
train,C:\Users\HP\Desktop\Soutenance-dev\prepared_datasets\combined_6class\train\PaperCardboard\000000_ann687.jpg,PaperCardboard,Other,0.8659,PaperCardboard,0.0686,PaperCardboard -> Other
train,C:\Users\HP\Desktop\Soutenance-dev\prepared_datasets\combined_6class\train\PaperCardboard\000001_ann3579.jpg,PaperCardboard,Other,0.5063,Metal,0.1809,PaperCardboard -> Other
train,C:\Users\HP\Desktop\Soutenance-dev\prepared_datasets\combined_6class\train\PaperCardboard\000002_ann3574.jpg,PaperCardboard,Other,0.5063,Metal,0.1809,PaperCardboard -> Other
train,C:\Users\HP\Desktop\Soutenance-dev\prepared_datasets\combined_6class\train\PaperCardboard\000004_ann2778.jpg,PaperCardboard,Other,0.6312,Plastic,0.1598,PaperCardboard -> Other
train,C:\Users\HP\Desktop\Soutenance-dev\prepared_datasets\combined_6class\train\PaperCardboard\000006_ann705.jpg,PaperCardboard,Other,0.8851,PaperCardboard,0.0636,PaperCardboard -> Other
train,C:\Users\HP\Desktop\Soutenance-dev\prepared_datasets\combined_6class\train\PaperCardboard\000009_ann1451.jpg,PaperCardboard,Other,0.7554,PaperCardboard,0.0994,PaperCardboard -> Other
train,C:\Users\HP\Desktop\Soutenance-dev\prepared_datasets\combined_6class\train\PaperCardboard\000009_ann3565.jpg,PaperCardboard,Other,0.5063,Metal,0.1809,PaperCardboard -> Other
train,C:\Users\HP\Desktop\Soutenance-dev\prepared_datasets\combined_6class\train\PaperCardboard\000016_ann731.jpg,PaperCardboard,Other,0.7247,PaperCardboard,0.1809,PaperCardboard -> Other
train,C:\Users\HP\Desktop\Soutenance-dev\prepared_datasets\combined_6class\train\PaperCardboard\000017_ann1725.jpg,PaperCardboard,Other,0.5003,Plastic,0.275,PaperCardboard -> Other
train,C:\Users\HP\Desktop\Soutenance-dev\prepared_datasets\combined_6class\train\PaperCardboard\000021_ann3672.jpg,PaperCardboard,Other,0.5063,Metal,0.1809,PaperCardboard -> Other
train,C:\Users\HP\Desktop\Soutenance-dev\prepared_datasets\combined_6class\train\PaperCardboard\000022_ann3538.jpg,PaperCardboard,Other,0.5063,Metal,0.1809,PaperCardboard -> Other
train,C:\Users\HP\Desktop\Soutenance-dev\prepared_datasets\combined_6class\train\PaperCardboard\000025_ann105.jpg,PaperCardboard,Other,0.4581,Glass,0.4055,PaperCardboard -> Other
train,C:\Users\HP\Desktop\Soutenance-dev\prepared_datasets\combined_6class\train\PaperCardboard\000025_ann3529.jpg,PaperCardboard,Other,0.5063,Metal,0.1809,PaperCardboard -> Other
train,C:\Users\HP\Desktop\Soutenance-dev\prepared_datasets\combined_6class\train\PaperCardboard\000025_ann4193.jpg,PaperCardboard,Other,0.5063,Metal,0.1809,PaperCardboard -> Other
train,C:\Users\HP\Desktop\Soutenance-dev\prepared_datasets\combined_6class\train\PaperCardboard\000029_ann4225.jpg,PaperCardboard,Other,0.5063,Metal,0.1809,PaperCardboard -> Other
train,C:\Users\HP\Desktop\Soutenance-dev\prepared_datasets\combined_6class\train\PaperCardboard\000031_ann1082.jpg,PaperCardboard,Other,0.5063,Metal,0.1809,PaperCardboard -> Other
train,C:\Users\HP\Desktop\Soutenance-dev\prepared_datasets\combined_6class\train\PaperCardboard\000031_ann769.jpg,PaperCardboard,Other,0.5638,Metal,0.1936,PaperCardboard -> Other
train,C:\Users\HP\Desktop\Soutenance-dev\prepared_datasets\combined_6class\train\PaperCardboard\000032_ann1751.jpg,PaperCardboard,Other,0.8958,Plastic,0.0665,PaperCardboard -> Other
train,C:\Users\HP\Desktop\Soutenance-dev\prepared_datasets\combined_6class\train\PaperCardboard\000032_ann4238.jpg,PaperCardboard,Other,0.5063,Metal,0.1809,PaperCardboard -> Other
train,C:\Users\HP\Desktop\Soutenance-dev\prepared_datasets\combined_6class\train\PaperCardboard\000035_ann1104.jpg,PaperCardboard,Other,0.5063,Metal,0.1809,PaperCardboard -> Other
train,C:\Users\HP\Desktop\Soutenance-dev\prepared_datasets\combined_6class\train\PaperCardboard\000035_ann2272.jpg,PaperCardboard,Other,0.8902,PaperCardboard,0.0429,PaperCardboard -> Other
train,C:\Users\HP\Desktop\Soutenance-dev\prepared_datasets\combined_6class\train\PaperCardboard\000037_ann3129.jpg,PaperCardboard,Other,0.4905,Glass,0.1859,PaperCardboard -> Other
train,C:\Users\HP\Desktop\Soutenance-dev\prepared_datasets\combined_6class\train\PaperCardboard\000037_ann775.jpg,PaperCardboard,Other,0.4566,Metal,0.2322,PaperCardboard -> Other
train,C:\Users\HP\Desktop\Soutenance-dev\prepared_datasets\combined_6class\train\PaperCardboard\000038_ann508.jpg,PaperCardboard,Other,0.4951,PaperCardboard,0.2997,PaperCardboard -> Other
train,C:\Users\HP\Desktop\Soutenance-dev\prepared_datasets\combined_6class\train\PaperCardboard\000039_ann1120.jpg,PaperCardboard,Other,0.626,Metal,0.1278,PaperCardboard -> Other
train,C:\Users\HP\Desktop\Soutenance-dev\prepared_datasets\combined_6class\train\PaperCardboard\000048_ann3742.jpg,PaperCardboard,Other,0.5063,Metal,0.1809,PaperCardboard -> Other
train,C:\Users\HP\Desktop\Soutenance-dev\prepared_datasets\combined_6class\train\PaperCardboard\000049_ann3160.jpg,PaperCardboard,Other,0.5063,Metal,0.1809,PaperCardboard -> Other
train,C:\Users\HP\Desktop\Soutenance-dev\prepared_datasets\combined_6class\train\PaperCardboard\000049_ann3161.jpg,PaperCardboard,Other,0.5063,Metal,0.1809,PaperCardboard -> Other
train,C:\Users\HP\Desktop\Soutenance-dev\prepared_datasets\combined_6class\train\PaperCardboard\000050_ann4594.jpg,PaperCardboard,Other,0.5063,Metal,0.1809,PaperCardboard -> Other
train,C:\Users\HP\Desktop\Soutenance-dev\prepared_datasets\combined_6class\train\PaperCardboard\000051_ann3778.jpg,PaperCardboard,Other,0.5063,Metal,0.1809,PaperCardboard -> Other
train,C:\Users\HP\Desktop\Soutenance-dev\prepared_datasets\combined_6class\train\PaperCardboard\000052_ann1591.jpg,PaperCardboard,Other,0.8765,Plastic,0.0517,PaperCardboard -> Other
train,C:\Users\HP\Desktop\Soutenance-dev\prepared_datasets\combined_6class\train\PaperCardboard\000052_ann3781.jpg,PaperCardboard,Other,0.5063,Metal,0.1809,PaperCardboard -> Other
train,C:\Users\HP\Desktop\Soutenance-dev\prepared_datasets\combined_6class\train\PaperCardboard\000054_ann1596.jpg,PaperCardboard,Other,0.6858,Metal,0.186,PaperCardboard -> Other
train,C:\Users\HP\Desktop\Soutenance-dev\prepared_datasets\combined_6class\train\PaperCardboard\000056_ann1621.jpg,PaperCardboard,Other,0.8339,Plastic,0.107,PaperCardboard -> Other
train,C:\Users\HP\Desktop\Soutenance-dev\prepared_datasets\combined_6class\train\PaperCardboard\000056_ann1623.jpg,PaperCardboard,Other,0.8452,PaperCardboard,0.0724,PaperCardboard -> Other
train,C:\Users\HP\Desktop\Soutenance-dev\prepared_datasets\combined_6class\train\PaperCardboard\000056_ann1624.jpg,PaperCardboard,Other,0.9864,PaperCardboard,0.0065,PaperCardboard -> Other
train,C:\Users\HP\Desktop\Soutenance-dev\prepared_datasets\combined_6class\train\PaperCardboard\000056_ann2120.jpg,PaperCardboard,Other,0.9795,PaperCardboard,0.0188,PaperCardboard -> Other
train,C:\Users\HP\Desktop\Soutenance-dev\prepared_datasets\combined_6class\train\PaperCardboard\000058_ann3791.jpg,PaperCardboard,Other,0.5063,Metal,0.1809,PaperCardboard -> Other
train,C:\Users\HP\Desktop\Soutenance-dev\prepared_datasets\combined_6class\train\PaperCardboard\000063_ann4649.jpg,PaperCardboard,Other,0.5063,Metal,0.1809,PaperCardboard -> Other
train,C:\Users\HP\Desktop\Soutenance-dev\prepared_datasets\combined_6class\train\PaperCardboard\000064_ann2325.jpg,PaperCardboard,Other,0.7377,Metal,0.1185,PaperCardboard -> Other
train,C:\Users\HP\Desktop\Soutenance-dev\prepared_datasets\combined_6class\train\PaperCardboard\000064_ann4361.jpg,PaperCardboard,Other,0.5063,Metal,0.1809,PaperCardboard -> Other
train,C:\Users\HP\Desktop\Soutenance-dev\prepared_datasets\combined_6class\train\PaperCardboard\000065_ann130.jpg,PaperCardboard,Other,0.4747,Metal,0.3352,PaperCardboard -> Other
train,C:\Users\HP\Desktop\Soutenance-dev\prepared_datasets\combined_6class\train\PaperCardboard\000068_ann2329.jpg,PaperCardboard,Other,0.7079,Plastic,0.1548,PaperCardboard -> Other
train,C:\Users\HP\Desktop\Soutenance-dev\prepared_datasets\combined_6class\train\PaperCardboard\000068_ann2982.jpg,PaperCardboard,Other,0.9428,PaperCardboard,0.0356,PaperCardboard -> Other
train,C:\Users\HP\Desktop\Soutenance-dev\prepared_datasets\combined_6class\train\PaperCardboard\000068_ann3395.jpg,PaperCardboard,Other,0.5063,Metal,0.1809,PaperCardboard -> Other
train,C:\Users\HP\Desktop\Soutenance-dev\prepared_datasets\combined_6class\train\PaperCardboard\000069_ann2331.jpg,PaperCardboard,Other,0.4509,PaperCardboard,0.2248,PaperCardboard -> Other
train,C:\Users\HP\Desktop\Soutenance-dev\prepared_datasets\combined_6class\train\PaperCardboard\000069_ann2984.jpg,PaperCardboard,Other,0.5032,Plastic,0.2303,PaperCardboard -> Other
train,C:\Users\HP\Desktop\Soutenance-dev\prepared_datasets\combined_6class\train\PaperCardboard\000071_ann136.jpg,PaperCardboard,Other,0.6059,Metal,0.1486,PaperCardboard -> Other
train,C:\Users\HP\Desktop\Soutenance-dev\prepared_datasets\combined_6class\train\PaperCardboard\000072_ann138.jpg,PaperCardboard,Other,0.9681,PaperCardboard,0.0241,PaperCardboard -> Other
train,C:\Users\HP\Desktop\Soutenance-dev\prepared_datasets\combined_6class\train\PaperCardboard\000072_ann1808.jpg,PaperCardboard,Other,0.602,Metal,0.1648,PaperCardboard -> Other
train,C:\Users\HP\Desktop\Soutenance-dev\prepared_datasets\combined_6class\train\PaperCardboard\000074_ann3295.jpg,PaperCardboard,Other,0.5063,Metal,0.1809,PaperCardboard -> Other
train,C:\Users\HP\Desktop\Soutenance-dev\prepared_datasets\combined_6class\train\PaperCardboard\000076_ann2174.jpg,PaperCardboard,Other,0.4994,Metal,0.1842,PaperCardboard -> Other
train,C:\Users\HP\Desktop\Soutenance-dev\prepared_datasets\combined_6class\train\PaperCardboard\000076_ann2177.jpg,PaperCardboard,Other,0.6873,Plastic,0.1297,PaperCardboard -> Other
train,C:\Users\HP\Desktop\Soutenance-dev\prepared_datasets\combined_6class\train\PaperCardboard\000077_ann2344.jpg,PaperCardboard,Other,0.6144,PaperCardboard,0.3716,PaperCardboard -> Other
train,C:\Users\HP\Desktop\Soutenance-dev\prepared_datasets\combined_6class\train\PaperCardboard\000078_ann142.jpg,PaperCardboard,Other,0.7891,PaperCardboard,0.1076,PaperCardboard -> Other
train,C:\Users\HP\Desktop\Soutenance-dev\prepared_datasets\combined_6class\train\PaperCardboard\000078_ann2185.jpg,PaperCardboard,Other,0.8315,PaperCardboard,0.1205,PaperCardboard -> Other
train,C:\Users\HP\Desktop\Soutenance-dev\prepared_datasets\combined_6class\train\PaperCardboard\000078_ann3843.jpg,PaperCardboard,Other,0.5063,Metal,0.1809,PaperCardboard -> Other
train,C:\Users\HP\Desktop\Soutenance-dev\prepared_datasets\combined_6class\train\PaperCardboard\000078_ann3844.jpg,PaperCardboard,Other,0.5063,Metal,0.1809,PaperCardboard -> Other
train,C:\Users\HP\Desktop\Soutenance-dev\prepared_datasets\combined_6class\train\PaperCardboard\000078_ann3848.jpg,PaperCardboard,Other,0.5063,Metal,0.1809,PaperCardboard -> Other
train,C:\Users\HP\Desktop\Soutenance-dev\prepared_datasets\combined_6class\train\PaperCardboard\000078_ann4434.jpg,PaperCardboard,Other,0.5063,Metal,0.1809,PaperCardboard -> Other
train,C:\Users\HP\Desktop\Soutenance-dev\prepared_datasets\combined_6class\train\PaperCardboard\000079_ann143.jpg,PaperCardboard,Other,0.9377,Plastic,0.0325,PaperCardboard -> Other
train,C:\Users\HP\Desktop\Soutenance-dev\prepared_datasets\combined_6class\train\PaperCardboard\000079_ann2346.jpg,PaperCardboard,Other,0.924,PaperCardboard,0.03,PaperCardboard -> Other
train,C:\Users\HP\Desktop\Soutenance-dev\prepared_datasets\combined_6class\train\PaperCardboard\000080_ann1332.jpg,PaperCardboard,Other,0.6051,PaperCardboard,0.3578,PaperCardboard -> Other
train,C:\Users\HP\Desktop\Soutenance-dev\prepared_datasets\combined_6class\train\PaperCardboard\000081_ann3865.jpg,PaperCardboard,Other,0.5063,Metal,0.1809,PaperCardboard -> Other
train,C:\Users\HP\Desktop\Soutenance-dev\prepared_datasets\combined_6class\train\PaperCardboard\000081_ann4439.jpg,PaperCardboard,Other,0.5063,Metal,0.1809,PaperCardboard -> Other
train,C:\Users\HP\Desktop\Soutenance-dev\prepared_datasets\combined_6class\train\PaperCardboard\000082_ann2192.jpg,PaperCardboard,Other,0.889,Plastic,0.0542,PaperCardboard -> Other
train,C:\Users\HP\Desktop\Soutenance-dev\prepared_datasets\combined_6class\train\PaperCardboard\000084_ann1337.jpg,PaperCardboard,Other,0.4589,PaperCardboard,0.4069,PaperCardboard -> Other
train,C:\Users\HP\Desktop\Soutenance-dev\prepared_datasets\combined_6class\train\PaperCardboard\000084_ann4443.jpg,PaperCardboard,Other,0.5063,Metal,0.1809,PaperCardboard -> Other
train,C:\Users\HP\Desktop\Soutenance-dev\prepared_datasets\combined_6class\train\PaperCardboard\000087_ann157.jpg,PaperCardboard,Other,0.6384,PaperCardboard,0.2774,PaperCardboard -> Other
train,C:\Users\HP\Desktop\Soutenance-dev\prepared_datasets\combined_6class\train\PaperCardboard\000088_ann4741.jpg,PaperCardboard,Other,0.5063,Metal,0.1809,PaperCardboard -> Other
train,C:\Users\HP\Desktop\Soutenance-dev\prepared_datasets\combined_6class\train\PaperCardboard\000090_ann4456.jpg,PaperCardboard,Other,0.5063,Metal,0.1809,PaperCardboard -> Other
train,C:\Users\HP\Desktop\Soutenance-dev\prepared_datasets\combined_6class\train\PaperCardboard\000092_ann2957.jpg,PaperCardboard,Other,0.7624,Plastic,0.1265,PaperCardboard -> Other
train,C:\Users\HP\Desktop\Soutenance-dev\prepared_datasets\combined_6class\train\PaperCardboard\000094_ann4463.jpg,PaperCardboard,Other,0.5063,Metal,0.1809,PaperCardboard -> Other
train,C:\Users\HP\Desktop\Soutenance-dev\prepared_datasets\combined_6class\train\PaperCardboard\000098_ann683.jpg,PaperCardboard,Other,0.5893,PaperCardboard,0.3069,PaperCardboard -> Other
train,C:\Users\HP\Desktop\Soutenance-dev\prepared_datasets\combined_6class\train\PaperCardboard\000099_ann4782.jpg,PaperCardboard,Other,0.5063,Metal,0.1809,PaperCardboard -> Other
train,C:\Users\HP\Desktop\Soutenance-dev\prepared_datasets\combined_6class\train\PaperCardboard\000104_ann2991.jpg,PaperCardboard,Other,0.8078,PaperCardboard,0.1639,PaperCardboard -> Other
train,C:\Users\HP\Desktop\Soutenance-dev\prepared_datasets\combined_6class\train\PaperCardboard\000127_ann258.jpg,PaperCardboard,Other,0.623,PaperCardboard,0.1977,PaperCardboard -> Other
train,C:\Users\HP\Desktop\Soutenance-dev\prepared_datasets\combined_6class\train\PaperCardboard\000129_ann279.jpg,PaperCardboard,Other,0.5066,PaperCardboard,0.3619,PaperCardboard -> Other
train,C:\Users\HP\Desktop\Soutenance-dev\prepared_datasets\combined_6class\train\PaperCardboard\cardboard123.jpg,PaperCardboard,Other,0.8352,Plastic,0.0955,PaperCardboard -> Other
train,C:\Users\HP\Desktop\Soutenance-dev\prepared_datasets\combined_6class\train\PaperCardboard\cardboard128.jpg,PaperCardboard,Other,0.5108,Metal,0.3212,PaperCardboard -> Other
train,C:\Users\HP\Desktop\Soutenance-dev\prepared_datasets\combined_6class\train\PaperCardboard\cardboard135.jpg,PaperCardboard,Other,0.8344,PaperCardboard,0.141,PaperCardboard -> Other
train,C:\Users\HP\Desktop\Soutenance-dev\prepared_datasets\combined_6class\train\PaperCardboard\cardboard216.jpg,PaperCardboard,Other,0.585,PaperCardboard,0.3533,PaperCardboard -> Other
train,C:\Users\HP\Desktop\Soutenance-dev\prepared_datasets\combined_6class\train\PaperCardboard\cardboard242.jpg,PaperCardboard,Other,0.5071,PaperCardboard,0.473,PaperCardboard -> Other
train,C:\Users\HP\Desktop\Soutenance-dev\prepared_datasets\combined_6class\train\PaperCardboard\cardboard359.jpg,PaperCardboard,Other,0.5687,PaperCardboard,0.4113,PaperCardboard -> Other
train,C:\Users\HP\Desktop\Soutenance-dev\prepared_datasets\combined_6class\train\PaperCardboard\cardboard370.jpg,PaperCardboard,Other,0.8608,PaperCardboard,0.1118,PaperCardboard -> Other
train,C:\Users\HP\Desktop\Soutenance-dev\prepared_datasets\combined_6class\train\PaperCardboard\IMG_5045_ann2516.jpg,PaperCardboard,Other,0.6948,Plastic,0.1073,PaperCardboard -> Other
train,C:\Users\HP\Desktop\Soutenance-dev\prepared_datasets\combined_6class\train\PaperCardboard\paper1.jpg,PaperCardboard,Other,0.7525,PaperCardboard,0.2389,PaperCardboard -> Other
train,C:\Users\HP\Desktop\Soutenance-dev\prepared_datasets\combined_6class\train\PaperCardboard\paper11.jpg,PaperCardboard,Other,0.5807,PaperCardboard,0.3933,PaperCardboard -> Other
train,C:\Users\HP\Desktop\Soutenance-dev\prepared_datasets\combined_6class\train\PaperCardboard\paper120.jpg,PaperCardboard,Other,0.5235,PaperCardboard,0.3078,PaperCardboard -> Other
train,C:\Users\HP\Desktop\Soutenance-dev\prepared_datasets\combined_6class\train\PaperCardboard\paper148.jpg,PaperCardboard,Other,0.4561,PaperCardboard,0.2777,PaperCardboard -> Other
train,C:\Users\HP\Desktop\Soutenance-dev\prepared_datasets\combined_6class\train\PaperCardboard\paper151.jpg,PaperCardboard,Other,0.4728,PaperCardboard,0.432,PaperCardboard -> Other
train,C:\Users\HP\Desktop\Soutenance-dev\prepared_datasets\combined_6class\train\PaperCardboard\paper169.jpg,PaperCardboard,Other,0.8342,PaperCardboard,0.0656,PaperCardboard -> Other
train,C:\Users\HP\Desktop\Soutenance-dev\prepared_datasets\combined_6class\train\PaperCardboard\paper170.jpg,PaperCardboard,Other,0.7142,PaperCardboard,0.1912,PaperCardboard -> Other
train,C:\Users\HP\Desktop\Soutenance-dev\prepared_datasets\combined_6class\train\PaperCardboard\paper18.jpg,PaperCardboard,Other,0.7526,PaperCardboard,0.1841,PaperCardboard -> Other
train,C:\Users\HP\Desktop\Soutenance-dev\prepared_datasets\combined_6class\train\PaperCardboard\paper200.jpg,PaperCardboard,Other,0.8234,Plastic,0.1249,PaperCardboard -> Other
train,C:\Users\HP\Desktop\Soutenance-dev\prepared_datasets\combined_6class\train\PaperCardboard\paper201.jpg,PaperCardboard,Other,0.9923,PaperCardboard,0.0039,PaperCardboard -> Other
train,C:\Users\HP\Desktop\Soutenance-dev\prepared_datasets\combined_6class\train\PaperCardboard\paper202.jpg,PaperCardboard,Other,0.7584,PaperCardboard,0.2194,PaperCardboard -> Other
train,C:\Users\HP\Desktop\Soutenance-dev\prepared_datasets\combined_6class\train\PaperCardboard\paper216.jpg,PaperCardboard,Other,0.9536,PaperCardboard,0.0398,PaperCardboard -> Other
train,C:\Users\HP\Desktop\Soutenance-dev\prepared_datasets\combined_6class\train\PaperCardboard\paper226.jpg,PaperCardboard,Other,0.9523,PaperCardboard,0.03,PaperCardboard -> Other
train,C:\Users\HP\Desktop\Soutenance-dev\prepared_datasets\combined_6class\train\PaperCardboard\paper228.jpg,PaperCardboard,Other,0.6077,PaperCardboard,0.1361,PaperCardboard -> Other
train,C:\Users\HP\Desktop\Soutenance-dev\prepared_datasets\combined_6class\train\PaperCardboard\paper234.jpg,PaperCardboard,Other,0.9847,PaperCardboard,0.0084,PaperCardboard -> Other
train,C:\Users\HP\Desktop\Soutenance-dev\prepared_datasets\combined_6class\train\PaperCardboard\paper235.jpg,PaperCardboard,Other,0.9974,PaperCardboard,0.0019,PaperCardboard -> Other
train,C:\Users\HP\Desktop\Soutenance-dev\prepared_datasets\combined_6class\train\PaperCardboard\paper242.jpg,PaperCardboard,Other,0.7935,PaperCardboard,0.1545,PaperCardboard -> Other
train,C:\Users\HP\Desktop\Soutenance-dev\prepared_datasets\combined_6class\train\PaperCardboard\paper263.jpg,PaperCardboard,Other,0.8978,PaperCardboard,0.0775,PaperCardboard -> Other
train,C:\Users\HP\Desktop\Soutenance-dev\prepared_datasets\combined_6class\train\PaperCardboard\paper264.jpg,PaperCardboard,Other,0.921,Metal,0.0522,PaperCardboard -> Other
train,C:\Users\HP\Desktop\Soutenance-dev\prepared_datasets\combined_6class\train\PaperCardboard\paper274.jpg,PaperCardboard,Other,0.8781,PaperCardboard,0.1081,PaperCardboard -> Other
train,C:\Users\HP\Desktop\Soutenance-dev\prepared_datasets\combined_6class\train\PaperCardboard\paper278.jpg,PaperCardboard,Other,0.9283,PaperCardboard,0.0628,PaperCardboard -> Other
train,C:\Users\HP\Desktop\Soutenance-dev\prepared_datasets\combined_6class\train\PaperCardboard\paper283.jpg,PaperCardboard,Other,0.7506,PaperCardboard,0.0898,PaperCardboard -> Other
train,C:\Users\HP\Desktop\Soutenance-dev\prepared_datasets\combined_6class\train\PaperCardboard\paper288.jpg,PaperCardboard,Other,0.9457,PaperCardboard,0.031,PaperCardboard -> Other
train,C:\Users\HP\Desktop\Soutenance-dev\prepared_datasets\combined_6class\train\PaperCardboard\paper295.jpg,PaperCardboard,Other,0.899,PaperCardboard,0.0964,PaperCardboard -> Other
train,C:\Users\HP\Desktop\Soutenance-dev\prepared_datasets\combined_6class\train\PaperCardboard\paper310.jpg,PaperCardboard,Other,0.5359,PaperCardboard,0.4346,PaperCardboard -> Other
train,C:\Users\HP\Desktop\Soutenance-dev\prepared_datasets\combined_6class\train\PaperCardboard\paper317.jpg,PaperCardboard,Other,0.4979,PaperCardboard,0.3946,PaperCardboard -> Other
train,C:\Users\HP\Desktop\Soutenance-dev\prepared_datasets\combined_6class\train\PaperCardboard\paper327.jpg,PaperCardboard,Other,0.7685,PaperCardboard,0.2147,PaperCardboard -> Other
train,C:\Users\HP\Desktop\Soutenance-dev\prepared_datasets\combined_6class\train\PaperCardboard\paper333.jpg,PaperCardboard,Other,0.8184,PaperCardboard,0.0884,PaperCardboard -> Other
train,C:\Users\HP\Desktop\Soutenance-dev\prepared_datasets\combined_6class\train\PaperCardboard\paper346.jpg,PaperCardboard,Other,0.6796,PaperCardboard,0.2649,PaperCardboard -> Other
train,C:\Users\HP\Desktop\Soutenance-dev\prepared_datasets\combined_6class\train\PaperCardboard\paper348.jpg,PaperCardboard,Other,0.8,PaperCardboard,0.1427,PaperCardboard -> Other
train,C:\Users\HP\Desktop\Soutenance-dev\prepared_datasets\combined_6class\train\PaperCardboard\paper357.jpg,PaperCardboard,Other,0.8427,PaperCardboard,0.1441,PaperCardboard -> Other
train,C:\Users\HP\Desktop\Soutenance-dev\prepared_datasets\combined_6class\train\PaperCardboard\paper363.jpg,PaperCardboard,Other,0.9274,PaperCardboard,0.0534,PaperCardboard -> Other
train,C:\Users\HP\Desktop\Soutenance-dev\prepared_datasets\combined_6class\train\PaperCardboard\paper377.jpg,PaperCardboard,Other,0.6381,Plastic,0.3066,PaperCardboard -> Other
train,C:\Users\HP\Desktop\Soutenance-dev\prepared_datasets\combined_6class\train\PaperCardboard\paper385.jpg,PaperCardboard,Other,0.6985,PaperCardboard,0.2349,PaperCardboard -> Other
train,C:\Users\HP\Desktop\Soutenance-dev\prepared_datasets\combined_6class\train\PaperCardboard\paper394.jpg,PaperCardboard,Other,0.6473,Metal,0.2005,PaperCardboard -> Other
train,C:\Users\HP\Desktop\Soutenance-dev\prepared_datasets\combined_6class\train\PaperCardboard\paper421.jpg,PaperCardboard,Other,0.996,PaperCardboard,0.0026,PaperCardboard -> Other
train,C:\Users\HP\Desktop\Soutenance-dev\prepared_datasets\combined_6class\train\PaperCardboard\paper424.jpg,PaperCardboard,Other,0.8039,PaperCardboard,0.1831,PaperCardboard -> Other
train,C:\Users\HP\Desktop\Soutenance-dev\prepared_datasets\combined_6class\train\PaperCardboard\paper426.jpg,PaperCardboard,Other,0.4848,PaperCardboard,0.3028,PaperCardboard -> Other
train,C:\Users\HP\Desktop\Soutenance-dev\prepared_datasets\combined_6class\train\PaperCardboard\paper438.jpg,PaperCardboard,Other,0.7576,PaperCardboard,0.1867,PaperCardboard -> Other
train,C:\Users\HP\Desktop\Soutenance-dev\prepared_datasets\combined_6class\train\PaperCardboard\paper44.jpg,PaperCardboard,Other,0.8941,PaperCardboard,0.1014,PaperCardboard -> Other
train,C:\Users\HP\Desktop\Soutenance-dev\prepared_datasets\combined_6class\train\PaperCardboard\paper449.jpg,PaperCardboard,Other,0.9254,Plastic,0.0399,PaperCardboard -> Other
train,C:\Users\HP\Desktop\Soutenance-dev\prepared_datasets\combined_6class\train\PaperCardboard\paper464.jpg,PaperCardboard,Other,0.4935,Plastic,0.1859,PaperCardboard -> Other
train,C:\Users\HP\Desktop\Soutenance-dev\prepared_datasets\combined_6class\train\PaperCardboard\paper468.jpg,PaperCardboard,Other,0.6471,PaperCardboard,0.3347,PaperCardboard -> Other
train,C:\Users\HP\Desktop\Soutenance-dev\prepared_datasets\combined_6class\train\PaperCardboard\paper507.jpg,PaperCardboard,Other,0.7829,PaperCardboard,0.108,PaperCardboard -> Other
train,C:\Users\HP\Desktop\Soutenance-dev\prepared_datasets\combined_6class\train\PaperCardboard\paper520.jpg,PaperCardboard,Other,0.7034,PaperCardboard,0.2524,PaperCardboard -> Other
train,C:\Users\HP\Desktop\Soutenance-dev\prepared_datasets\combined_6class\train\PaperCardboard\paper523.jpg,PaperCardboard,Other,0.7977,PaperCardboard,0.1202,PaperCardboard -> Other
train,C:\Users\HP\Desktop\Soutenance-dev\prepared_datasets\combined_6class\train\PaperCardboard\paper527.jpg,PaperCardboard,Other,0.6402,PaperCardboard,0.307,PaperCardboard -> Other
train,C:\Users\HP\Desktop\Soutenance-dev\prepared_datasets\combined_6class\train\PaperCardboard\paper536.jpg,PaperCardboard,Other,0.9276,Metal,0.0265,PaperCardboard -> Other
train,C:\Users\HP\Desktop\Soutenance-dev\prepared_datasets\combined_6class\train\PaperCardboard\paper548.jpg,PaperCardboard,Other,0.9851,PaperCardboard,0.0108,PaperCardboard -> Other
train,C:\Users\HP\Desktop\Soutenance-dev\prepared_datasets\combined_6class\train\PaperCardboard\paper561.jpg,PaperCardboard,Other,0.5569,PaperCardboard,0.4034,PaperCardboard -> Other
train,C:\Users\HP\Desktop\Soutenance-dev\prepared_datasets\combined_6class\train\PaperCardboard\paper563.jpg,PaperCardboard,Other,0.5049,PaperCardboard,0.2035,PaperCardboard -> Other
train,C:\Users\HP\Desktop\Soutenance-dev\prepared_datasets\combined_6class\train\PaperCardboard\paper571.jpg,PaperCardboard,Other,0.8973,PaperCardboard,0.0707,PaperCardboard -> Other
train,C:\Users\HP\Desktop\Soutenance-dev\prepared_datasets\combined_6class\train\PaperCardboard\paper580.jpg,PaperCardboard,Other,0.7715,PaperCardboard,0.1652,PaperCardboard -> Other
train,C:\Users\HP\Desktop\Soutenance-dev\prepared_datasets\combined_6class\train\PaperCardboard\paper583.jpg,PaperCardboard,Other,0.9563,PaperCardboard,0.0363,PaperCardboard -> Other
train,C:\Users\HP\Desktop\Soutenance-dev\prepared_datasets\combined_6class\train\PaperCardboard\paper587.jpg,PaperCardboard,Other,0.5203,PaperCardboard,0.4347,PaperCardboard -> Other
train,C:\Users\HP\Desktop\Soutenance-dev\prepared_datasets\combined_6class\train\PaperCardboard\paper590.jpg,PaperCardboard,Other,0.825,PaperCardboard,0.1421,PaperCardboard -> Other
train,C:\Users\HP\Desktop\Soutenance-dev\prepared_datasets\combined_6class\train\PaperCardboard\paper592.jpg,PaperCardboard,Other,0.8331,PaperCardboard,0.1168,PaperCardboard -> Other
train,C:\Users\HP\Desktop\Soutenance-dev\prepared_datasets\combined_6class\train\PaperCardboard\paper593.jpg,PaperCardboard,Other,0.9869,PaperCardboard,0.0049,PaperCardboard -> Other
train,C:\Users\HP\Desktop\Soutenance-dev\prepared_datasets\combined_6class\train\PaperCardboard\paper594.jpg,PaperCardboard,Other,0.9895,PaperCardboard,0.0045,PaperCardboard -> Other
train,C:\Users\HP\Desktop\Soutenance-dev\prepared_datasets\combined_6class\train\PaperCardboard\paper75.jpg,PaperCardboard,Other,0.899,PaperCardboard,0.0729,PaperCardboard -> Other
train,C:\Users\HP\Desktop\Soutenance-dev\prepared_datasets\combined_6class\train\PaperCardboard\paper80.jpg,PaperCardboard,Other,0.675,PaperCardboard,0.3217,PaperCardboard -> Other
train,C:\Users\HP\Desktop\Soutenance-dev\prepared_datasets\combined_6class\train\PaperCardboard\paper93.jpg,PaperCardboard,Other,0.6937,PaperCardboard,0.2963,PaperCardboard -> Other
train,C:\Users\HP\Desktop\Soutenance-dev\prepared_datasets\combined_6class\train\Plastic\000000_ann2198.jpg,Plastic,Other,0.5548,PaperCardboard,0.2416,Plastic -> Other
train,C:\Users\HP\Desktop\Soutenance-dev\prepared_datasets\combined_6class\train\Plastic\000000_ann309.jpg,Plastic,Other,0.6866,Plastic,0.1317,Plastic -> Other
train,C:\Users\HP\Desktop\Soutenance-dev\prepared_datasets\combined_6class\train\Plastic\000001_ann4043.jpg,Plastic,Other,0.5063,Metal,0.1809,Plastic -> Other
train,C:\Users\HP\Desktop\Soutenance-dev\prepared_datasets\combined_6class\train\Plastic\000003_ann1892.jpg,Plastic,Glass,0.5121,Metal,0.227,Plastic -> Glass
train,C:\Users\HP\Desktop\Soutenance-dev\prepared_datasets\combined_6class\train\Plastic\000004_ann4047.jpg,Plastic,Other,0.5063,Metal,0.1809,Plastic -> Other
train,C:\Users\HP\Desktop\Soutenance-dev\prepared_datasets\combined_6class\train\Plastic\000004_ann4485.jpg,Plastic,Other,0.5063,Metal,0.1809,Plastic -> Other
train,C:\Users\HP\Desktop\Soutenance-dev\prepared_datasets\combined_6class\train\Plastic\000005_ann20.jpg,Plastic,Glass,0.4733,Plastic,0.3472,Plastic -> Glass
train,C:\Users\HP\Desktop\Soutenance-dev\prepared_datasets\combined_6class\train\Plastic\000005_ann3044.jpg,Plastic,Other,0.6174,Metal,0.1514,Plastic -> Other
train,C:\Users\HP\Desktop\Soutenance-dev\prepared_datasets\combined_6class\train\Plastic\000005_ann357.jpg,Plastic,Other,0.6023,Plastic,0.1975,Plastic -> Other
train,C:\Users\HP\Desktop\Soutenance-dev\prepared_datasets\combined_6class\train\Plastic\000005_ann4487.jpg,Plastic,Other,0.5063,Metal,0.1809,Plastic -> Other
train,C:\Users\HP\Desktop\Soutenance-dev\prepared_datasets\combined_6class\train\Plastic\000007_ann4054.jpg,Plastic,Other,0.5063,Metal,0.1809,Plastic -> Other
train,C:\Users\HP\Desktop\Soutenance-dev\prepared_datasets\combined_6class\train\Plastic\000007_ann4056.jpg,Plastic,Other,0.5063,Metal,0.1809,Plastic -> Other
train,C:\Users\HP\Desktop\Soutenance-dev\prepared_datasets\combined_6class\train\Plastic\000008_ann4493.jpg,Plastic,Other,0.5063,Metal,0.1809,Plastic -> Other
train,C:\Users\HP\Desktop\Soutenance-dev\prepared_datasets\combined_6class\train\Plastic\000008_ann4498.jpg,Plastic,Other,0.5063,Metal,0.1809,Plastic -> Other
train,C:\Users\HP\Desktop\Soutenance-dev\prepared_datasets\combined_6class\train\Plastic\000008_ann4501.jpg,Plastic,Other,0.5063,Metal,0.1809,Plastic -> Other
train,C:\Users\HP\Desktop\Soutenance-dev\prepared_datasets\combined_6class\train\Plastic\000010_ann3564.jpg,Plastic,Other,0.5063,Metal,0.1809,Plastic -> Other
train,C:\Users\HP\Desktop\Soutenance-dev\prepared_datasets\combined_6class\train\Plastic\000011_ann4070.jpg,Plastic,Other,0.5063,Metal,0.1809,Plastic -> Other
train,C:\Users\HP\Desktop\Soutenance-dev\prepared_datasets\combined_6class\train\Plastic\000012_ann4073.jpg,Plastic,Other,0.5063,Metal,0.1809,Plastic -> Other
train,C:\Users\HP\Desktop\Soutenance-dev\prepared_datasets\combined_6class\train\Plastic\000014_ann3559.jpg,Plastic,Other,0.5063,Metal,0.1809,Plastic -> Other
train,C:\Users\HP\Desktop\Soutenance-dev\prepared_datasets\combined_6class\train\Plastic\000014_ann4087.jpg,Plastic,Other,0.5063,Metal,0.1809,Plastic -> Other
train,C:\Users\HP\Desktop\Soutenance-dev\prepared_datasets\combined_6class\train\Plastic\000015_ann1722.jpg,Plastic,Other,0.5664,Plastic,0.253,Plastic -> Other
train,C:\Users\HP\Desktop\Soutenance-dev\prepared_datasets\combined_6class\train\Plastic\000015_ann3557.jpg,Plastic,Other,0.5063,Metal,0.1809,Plastic -> Other
train,C:\Users\HP\Desktop\Soutenance-dev\prepared_datasets\combined_6class\train\Plastic\000016_ann3661.jpg,Plastic,Other,0.5063,Metal,0.1809,Plastic -> Other
train,C:\Users\HP\Desktop\Soutenance-dev\prepared_datasets\combined_6class\train\Plastic\000017_ann1482.jpg,Plastic,Other,0.6127,Plastic,0.1839,Plastic -> Other
train,C:\Users\HP\Desktop\Soutenance-dev\prepared_datasets\combined_6class\train\Plastic\000017_ann1948.jpg,Plastic,Glass,0.7968,Metal,0.1026,Plastic -> Glass
train,C:\Users\HP\Desktop\Soutenance-dev\prepared_datasets\combined_6class\train\Plastic\000017_ann3553.jpg,Plastic,Other,0.5063,Metal,0.1809,Plastic -> Other
train,C:\Users\HP\Desktop\Soutenance-dev\prepared_datasets\combined_6class\train\Plastic\000017_ann957.jpg,Plastic,Other,0.5063,Metal,0.1809,Plastic -> Other
train,C:\Users\HP\Desktop\Soutenance-dev\prepared_datasets\combined_6class\train\Plastic\000019_ann3547.jpg,Plastic,Other,0.5063,Metal,0.1809,Plastic -> Other
train,C:\Users\HP\Desktop\Soutenance-dev\prepared_datasets\combined_6class\train\Plastic\000021_ann3545.jpg,Plastic,Other,0.5063,Metal,0.1809,Plastic -> Other
train,C:\Users\HP\Desktop\Soutenance-dev\prepared_datasets\combined_6class\train\Plastic\000021_ann746.jpg,Plastic,Other,0.6773,Metal,0.1178,Plastic -> Other
train,C:\Users\HP\Desktop\Soutenance-dev\prepared_datasets\combined_6class\train\Plastic\000021_ann970.jpg,Plastic,Other,0.8803,Metal,0.0519,Plastic -> Other
train,C:\Users\HP\Desktop\Soutenance-dev\prepared_datasets\combined_6class\train\Plastic\000022_ann1499.jpg,Plastic,Other,0.7636,Plastic,0.0877,Plastic -> Other
train,C:\Users\HP\Desktop\Soutenance-dev\prepared_datasets\combined_6class\train\Plastic\000022_ann3683.jpg,Plastic,Other,0.5063,Metal,0.1809,Plastic -> Other
train,C:\Users\HP\Desktop\Soutenance-dev\prepared_datasets\combined_6class\train\Plastic\000022_ann747.jpg,Plastic,Other,0.8362,Plastic,0.0824,Plastic -> Other
train,C:\Users\HP\Desktop\Soutenance-dev\prepared_datasets\combined_6class\train\Plastic\000023_ann3535.jpg,Plastic,Other,0.5063,Metal,0.1809,Plastic -> Other
train,C:\Users\HP\Desktop\Soutenance-dev\prepared_datasets\combined_6class\train\Plastic\000025_ann4195.jpg,Plastic,Other,0.5063,Metal,0.1809,Plastic -> Other
train,C:\Users\HP\Desktop\Soutenance-dev\prepared_datasets\combined_6class\train\Plastic\000026_ann4198.jpg,Plastic,Other,0.5063,Metal,0.1809,Plastic -> Other
train,C:\Users\HP\Desktop\Soutenance-dev\prepared_datasets\combined_6class\train\Plastic\000027_ann4200.jpg,Plastic,Other,0.5063,Metal,0.1809,Plastic -> Other
train,C:\Users\HP\Desktop\Soutenance-dev\prepared_datasets\combined_6class\train\Plastic\000028_ann3106.jpg,Plastic,Other,0.5063,Metal,0.1809,Plastic -> Other
train,C:\Users\HP\Desktop\Soutenance-dev\prepared_datasets\combined_6class\train\Plastic\000028_ann4205.jpg,Plastic,Other,0.5063,Metal,0.1809,Plastic -> Other
train,C:\Users\HP\Desktop\Soutenance-dev\prepared_datasets\combined_6class\train\Plastic\000029_ann1066.jpg,Plastic,Other,0.7823,Metal,0.1291,Plastic -> Other
train,C:\Users\HP\Desktop\Soutenance-dev\prepared_datasets\combined_6class\train\Plastic\000029_ann3521.jpg,Plastic,Other,0.5063,Metal,0.1809,Plastic -> Other
train,C:\Users\HP\Desktop\Soutenance-dev\prepared_datasets\combined_6class\train\Plastic\000030_ann3696.jpg,Plastic,Other,0.4879,Metal,0.1652,Plastic -> Other
train,C:\Users\HP\Desktop\Soutenance-dev\prepared_datasets\combined_6class\train\Plastic\000030_ann4226.jpg,Plastic,Other,0.5063,Metal,0.1809,Plastic -> Other
train,C:\Users\HP\Desktop\Soutenance-dev\prepared_datasets\combined_6class\train\Plastic\000031_ann1749.jpg,Plastic,Glass,0.5212,Other,0.2054,Plastic -> Glass
train,C:\Users\HP\Desktop\Soutenance-dev\prepared_datasets\combined_6class\train\Plastic\000031_ann4228.jpg,Plastic,Other,0.5063,Metal,0.1809,Plastic -> Other
train,C:\Users\HP\Desktop\Soutenance-dev\prepared_datasets\combined_6class\train\Plastic\000032_ann2763.jpg,Plastic,Glass,0.4722,Metal,0.1979,Plastic -> Glass
train,C:\Users\HP\Desktop\Soutenance-dev\prepared_datasets\combined_6class\train\Plastic\000034_ann1100.jpg,Plastic,Other,0.8781,Plastic,0.0497,Plastic -> Other
train,C:\Users\HP\Desktop\Soutenance-dev\prepared_datasets\combined_6class\train\Plastic\000034_ann1557.jpg,Plastic,Other,0.4546,Plastic,0.2466,Plastic -> Other
train,C:\Users\HP\Desktop\Soutenance-dev\prepared_datasets\combined_6class\train\Plastic\000034_ann3505.jpg,Plastic,Other,0.5063,Metal,0.1809,Plastic -> Other
train,C:\Users\HP\Desktop\Soutenance-dev\prepared_datasets\combined_6class\train\Plastic\000034_ann3506.jpg,Plastic,Other,0.5063,Metal,0.1809,Plastic -> Other
train,C:\Users\HP\Desktop\Soutenance-dev\prepared_datasets\combined_6class\train\Plastic\000034_ann772.jpg,Plastic,Glass,0.62,Metal,0.2229,Plastic -> Glass
train,C:\Users\HP\Desktop\Soutenance-dev\prepared_datasets\combined_6class\train\Plastic\000035_ann107.jpg,Plastic,Glass,0.7067,Plastic,0.1075,Plastic -> Glass
train,C:\Users\HP\Desktop\Soutenance-dev\prepared_datasets\combined_6class\train\Plastic\000036_ann3498.jpg,Plastic,Other,0.5063,Metal,0.1809,Plastic -> Other
train,C:\Users\HP\Desktop\Soutenance-dev\prepared_datasets\combined_6class\train\Plastic\000036_ann774.jpg,Plastic,Glass,0.5774,Metal,0.1492,Plastic -> Glass
train,C:\Users\HP\Desktop\Soutenance-dev\prepared_datasets\combined_6class\train\Plastic\000037_ann3484.jpg,Plastic,Other,0.5063,Metal,0.1809,Plastic -> Other
train,C:\Users\HP\Desktop\Soutenance-dev\prepared_datasets\combined_6class\train\Plastic\000039_ann2818.jpg,Plastic,Other,0.8431,PaperCardboard,0.0844,Plastic -> Other
train,C:\Users\HP\Desktop\Soutenance-dev\prepared_datasets\combined_6class\train\Plastic\000040_ann2819.jpg,Plastic,Other,0.8233,PaperCardboard,0.0888,Plastic -> Other
train,C:\Users\HP\Desktop\Soutenance-dev\prepared_datasets\combined_6class\train\Plastic\000041_ann4279.jpg,Plastic,Other,0.5063,Metal,0.1809,Plastic -> Other
train,C:\Users\HP\Desktop\Soutenance-dev\prepared_datasets\combined_6class\train\Plastic\000042_ann3472.jpg,Plastic,Other,0.5063,Metal,0.1809,Plastic -> Other
train,C:\Users\HP\Desktop\Soutenance-dev\prepared_datasets\combined_6class\train\Plastic\000043_ann4284.jpg,Plastic,Other,0.5063,Metal,0.1809,Plastic -> Other
train,C:\Users\HP\Desktop\Soutenance-dev\prepared_datasets\combined_6class\train\Plastic\000045_ann3467.jpg,Plastic,Other,0.5063,Metal,0.1809,Plastic -> Other
train,C:\Users\HP\Desktop\Soutenance-dev\prepared_datasets\combined_6class\train\Plastic\000048_ann4298.jpg,Plastic,Other,0.5063,Metal,0.1809,Plastic -> Other
train,C:\Users\HP\Desktop\Soutenance-dev\prepared_datasets\combined_6class\train\Plastic\000049_ann3152.jpg,Plastic,Other,0.5063,Metal,0.1809,Plastic -> Other
train,C:\Users\HP\Desktop\Soutenance-dev\prepared_datasets\combined_6class\train\Plastic\000049_ann3751.jpg,Plastic,Other,0.5063,Metal,0.1809,Plastic -> Other
train,C:\Users\HP\Desktop\Soutenance-dev\prepared_datasets\combined_6class\train\Plastic\000051_ann3459.jpg,Plastic,Other,0.5063,Metal,0.1809,Plastic -> Other
train,C:\Users\HP\Desktop\Soutenance-dev\prepared_datasets\combined_6class\train\Plastic\000051_ann4303.jpg,Plastic,Other,0.5063,Metal,0.1809,Plastic -> Other
train,C:\Users\HP\Desktop\Soutenance-dev\prepared_datasets\combined_6class\train\Plastic\000052_ann1194.jpg,Plastic,Glass,0.7334,Metal,0.1071,Plastic -> Glass
train,C:\Users\HP\Desktop\Soutenance-dev\prepared_datasets\combined_6class\train\Plastic\000052_ann3229.jpg,Plastic,Other,0.5063,Metal,0.1809,Plastic -> Other
train,C:\Users\HP\Desktop\Soutenance-dev\prepared_datasets\combined_6class\train\Plastic\000054_ann1196.jpg,Plastic,Other,0.5624,Plastic,0.2292,Plastic -> Other
train,C:\Users\HP\Desktop\Soutenance-dev\prepared_datasets\combined_6class\train\Plastic\000054_ann3455.jpg,Plastic,Other,0.5063,Metal,0.1809,Plastic -> Other
train,C:\Users\HP\Desktop\Soutenance-dev\prepared_datasets\combined_6class\train\Plastic\000055_ann3430.jpg,Plastic,Other,0.5063,Metal,0.1809,Plastic -> Other
train,C:\Users\HP\Desktop\Soutenance-dev\prepared_datasets\combined_6class\train\Plastic\000056_ann3426.jpg,Plastic,Other,0.5063,Metal,0.1809,Plastic -> Other
train,C:\Users\HP\Desktop\Soutenance-dev\prepared_datasets\combined_6class\train\Plastic\000056_ann3427.jpg,Plastic,Other,0.5063,Metal,0.1809,Plastic -> Other
train,C:\Users\HP\Desktop\Soutenance-dev\prepared_datasets\combined_6class\train\Plastic\000057_ann3446.jpg,Plastic,Other,0.5063,Metal,0.1809,Plastic -> Other
train,C:\Users\HP\Desktop\Soutenance-dev\prepared_datasets\combined_6class\train\Plastic\000058_ann3421.jpg,Plastic,Other,0.5063,Metal,0.1809,Plastic -> Other
train,C:\Users\HP\Desktop\Soutenance-dev\prepared_datasets\combined_6class\train\Plastic\000058_ann3790.jpg,Plastic,Other,0.5063,Metal,0.1809,Plastic -> Other
train,C:\Users\HP\Desktop\Soutenance-dev\prepared_datasets\combined_6class\train\Plastic\000060_ann3180.jpg,Plastic,Other,0.5063,Metal,0.1809,Plastic -> Other
train,C:\Users\HP\Desktop\Soutenance-dev\prepared_datasets\combined_6class\train\Plastic\000060_ann3416.jpg,Plastic,Other,0.5063,Metal,0.1809,Plastic -> Other
train,C:\Users\HP\Desktop\Soutenance-dev\prepared_datasets\combined_6class\train\Plastic\000061_ann4356.jpg,Plastic,Other,0.5063,Metal,0.1809,Plastic -> Other
train,C:\Users\HP\Desktop\Soutenance-dev\prepared_datasets\combined_6class\train\Plastic\000065_ann4655.jpg,Plastic,Other,0.5063,Metal,0.1809,Plastic -> Other
train,C:\Users\HP\Desktop\Soutenance-dev\prepared_datasets\combined_6class\train\Plastic\000066_ann4393.jpg,Plastic,Other,0.5063,Metal,0.1809,Plastic -> Other
train,C:\Users\HP\Desktop\Soutenance-dev\prepared_datasets\combined_6class\train\Plastic\000067_ann1308.jpg,Plastic,Other,0.5283,Plastic,0.2652,Plastic -> Other
train,C:\Users\HP\Desktop\Soutenance-dev\prepared_datasets\combined_6class\train\Plastic\000067_ann4658.jpg,Plastic,Other,0.5063,Metal,0.1809,Plastic -> Other
train,C:\Users\HP\Desktop\Soutenance-dev\prepared_datasets\combined_6class\train\Plastic\000069_ann3391.jpg,Plastic,Other,0.5063,Metal,0.1809,Plastic -> Other
train,C:\Users\HP\Desktop\Soutenance-dev\prepared_datasets\combined_6class\train\Plastic\000069_ann3392.jpg,Plastic,Other,0.5063,Metal,0.1809,Plastic -> Other
train,C:\Users\HP\Desktop\Soutenance-dev\prepared_datasets\combined_6class\train\Plastic\000069_ann4399.jpg,Plastic,Other,0.5063,Metal,0.1809,Plastic -> Other
train,C:\Users\HP\Desktop\Soutenance-dev\prepared_datasets\combined_6class\train\Plastic\000069_ann4664.jpg,Plastic,Other,0.5063,Metal,0.1809,Plastic -> Other
train,C:\Users\HP\Desktop\Soutenance-dev\prepared_datasets\combined_6class\train\Plastic\000070_ann3390.jpg,Plastic,Other,0.5063,Metal,0.1809,Plastic -> Other
train,C:\Users\HP\Desktop\Soutenance-dev\prepared_datasets\combined_6class\train\Plastic\000070_ann4666.jpg,Plastic,Other,0.5063,Metal,0.1809,Plastic -> Other
train,C:\Users\HP\Desktop\Soutenance-dev\prepared_datasets\combined_6class\train\Plastic\000071_ann2926.jpg,Plastic,Other,0.5658,Plastic,0.1504,Plastic -> Other
train,C:\Users\HP\Desktop\Soutenance-dev\prepared_datasets\combined_6class\train\Plastic\000071_ann4672.jpg,Plastic,Other,0.5063,Metal,0.1809,Plastic -> Other
train,C:\Users\HP\Desktop\Soutenance-dev\prepared_datasets\combined_6class\train\Plastic\000072_ann2164.jpg,Plastic,Glass,0.6718,Other,0.1548,Plastic -> Glass
train,C:\Users\HP\Desktop\Soutenance-dev\prepared_datasets\combined_6class\train\Plastic\000072_ann3825.jpg,Plastic,Other,0.5063,Metal,0.1809,Plastic -> Other
train,C:\Users\HP\Desktop\Soutenance-dev\prepared_datasets\combined_6class\train\Plastic\000072_ann3826.jpg,Plastic,Other,0.5063,Metal,0.1809,Plastic -> Other
train,C:\Users\HP\Desktop\Soutenance-dev\prepared_datasets\combined_6class\train\Plastic\000073_ann4415.jpg,Plastic,Other,0.5063,Metal,0.1809,Plastic -> Other
train,C:\Users\HP\Desktop\Soutenance-dev\prepared_datasets\combined_6class\train\Plastic\000074_ann1320.jpg,Plastic,Other,0.4999,Plastic,0.2871,Plastic -> Other
train,C:\Users\HP\Desktop\Soutenance-dev\prepared_datasets\combined_6class\train\Plastic\000076_ann3290.jpg,Plastic,Other,0.5063,Metal,0.1809,Plastic -> Other
train,C:\Users\HP\Desktop\Soutenance-dev\prepared_datasets\combined_6class\train\Plastic\000078_ann3853.jpg,Plastic,Other,0.5063,Metal,0.1809,Plastic -> Other
train,C:\Users\HP\Desktop\Soutenance-dev\prepared_datasets\combined_6class\train\Plastic\000079_ann1816.jpg,Plastic,Glass,0.8401,Metal,0.0926,Plastic -> Glass
train,C:\Users\HP\Desktop\Soutenance-dev\prepared_datasets\combined_6class\train\Plastic\000079_ann3856.jpg,Plastic,Other,0.5063,Metal,0.1809,Plastic -> Other
train,C:\Users\HP\Desktop\Soutenance-dev\prepared_datasets\combined_6class\train\Plastic\000080_ann4438.jpg,Plastic,Other,0.5063,Metal,0.1809,Plastic -> Other
train,C:\Users\HP\Desktop\Soutenance-dev\prepared_datasets\combined_6class\train\Plastic\000082_ann3869.jpg,Plastic,Other,0.5063,Metal,0.1809,Plastic -> Other
train,C:\Users\HP\Desktop\Soutenance-dev\prepared_datasets\combined_6class\train\Plastic\000084_ann149.jpg,Plastic,Other,0.7473,Plastic,0.1846,Plastic -> Other
train,C:\Users\HP\Desktop\Soutenance-dev\prepared_datasets\combined_6class\train\Plastic\000084_ann4713.jpg,Plastic,Other,0.5063,Metal,0.1809,Plastic -> Other
train,C:\Users\HP\Desktop\Soutenance-dev\prepared_datasets\combined_6class\train\Plastic\000084_ann4714.jpg,Plastic,Other,0.5063,Metal,0.1809,Plastic -> Other
train,C:\Users\HP\Desktop\Soutenance-dev\prepared_datasets\combined_6class\train\Plastic\000085_ann3876.jpg,Plastic,Other,0.5063,Metal,0.1809,Plastic -> Other
train,C:\Users\HP\Desktop\Soutenance-dev\prepared_datasets\combined_6class\train\Plastic\000085_ann4446.jpg,Plastic,Other,0.5063,Metal,0.1809,Plastic -> Other
train,C:\Users\HP\Desktop\Soutenance-dev\prepared_datasets\combined_6class\train\Plastic\000087_ann3900.jpg,Plastic,Other,0.5063,Metal,0.1809,Plastic -> Other
train,C:\Users\HP\Desktop\Soutenance-dev\prepared_datasets\combined_6class\train\Plastic\000090_ann3268.jpg,Plastic,Other,0.5063,Metal,0.1809,Plastic -> Other
train,C:\Users\HP\Desktop\Soutenance-dev\prepared_datasets\combined_6class\train\Plastic\000090_ann3907.jpg,Plastic,Other,0.5063,Metal,0.1809,Plastic -> Other
train,C:\Users\HP\Desktop\Soutenance-dev\prepared_datasets\combined_6class\train\Plastic\000090_ann4756.jpg,Plastic,Other,0.5063,Metal,0.1809,Plastic -> Other
train,C:\Users\HP\Desktop\Soutenance-dev\prepared_datasets\combined_6class\train\Plastic\000091_ann1398.jpg,Plastic,Other,0.4509,Metal,0.2353,Plastic -> Other
train,C:\Users\HP\Desktop\Soutenance-dev\prepared_datasets\combined_6class\train\Plastic\000091_ann4758.jpg,Plastic,Other,0.5063,Metal,0.1809,Plastic -> Other
train,C:\Users\HP\Desktop\Soutenance-dev\prepared_datasets\combined_6class\train\Plastic\000093_ann3262.jpg,Plastic,Other,0.5063,Metal,0.1809,Plastic -> Other
train,C:\Users\HP\Desktop\Soutenance-dev\prepared_datasets\combined_6class\train\Plastic\000093_ann3916.jpg,Plastic,Other,0.5063,Metal,0.1809,Plastic -> Other
train,C:\Users\HP\Desktop\Soutenance-dev\prepared_datasets\combined_6class\train\Plastic\000095_ann893.jpg,Plastic,Glass,0.563,Other,0.3405,Plastic -> Glass
train,C:\Users\HP\Desktop\Soutenance-dev\prepared_datasets\combined_6class\train\Plastic\000097_ann2889.jpg,Plastic,Other,0.7772,Plastic,0.1043,Plastic -> Other
train,C:\Users\HP\Desktop\Soutenance-dev\prepared_datasets\combined_6class\train\Plastic\000097_ann3252.jpg,Plastic,Other,0.5063,Metal,0.1809,Plastic -> Other
train,C:\Users\HP\Desktop\Soutenance-dev\prepared_datasets\combined_6class\train\Plastic\000099_ann3247.jpg,Plastic,Other,0.5063,Metal,0.1809,Plastic -> Other
train,C:\Users\HP\Desktop\Soutenance-dev\prepared_datasets\combined_6class\train\Plastic\000100_ann3244.jpg,Plastic,Other,0.5063,Metal,0.1809,Plastic -> Other
train,C:\Users\HP\Desktop\Soutenance-dev\prepared_datasets\combined_6class\train\Plastic\000100_ann3245.jpg,Plastic,Other,0.5063,Metal,0.1809,Plastic -> Other
train,C:\Users\HP\Desktop\Soutenance-dev\prepared_datasets\combined_6class\train\Plastic\000104_ann3230.jpg,Plastic,Other,0.5063,Metal,0.1809,Plastic -> Other
train,C:\Users\HP\Desktop\Soutenance-dev\prepared_datasets\combined_6class\train\Plastic\000106_ann217.jpg,Plastic,Other,0.5146,Glass,0.1827,Plastic -> Other
train,C:\Users\HP\Desktop\Soutenance-dev\prepared_datasets\combined_6class\train\Plastic\000106_ann218.jpg,Plastic,Other,0.6195,Plastic,0.2433,Plastic -> Other
train,C:\Users\HP\Desktop\Soutenance-dev\prepared_datasets\combined_6class\train\Plastic\000109_ann3932.jpg,Plastic,Other,0.5063,Metal,0.1809,Plastic -> Other
train,C:\Users\HP\Desktop\Soutenance-dev\prepared_datasets\combined_6class\train\Plastic\000110_ann3935.jpg,Plastic,Other,0.5063,Metal,0.1809,Plastic -> Other
train,C:\Users\HP\Desktop\Soutenance-dev\prepared_datasets\combined_6class\train\Plastic\000120_ann3008.jpg,Plastic,Other,0.5539,Plastic,0.2662,Plastic -> Other
train,C:\Users\HP\Desktop\Soutenance-dev\prepared_datasets\combined_6class\train\Plastic\IMG_4963_ann2657.jpg,Plastic,Other,0.5732,Plastic,0.2308,Plastic -> Other
train,C:\Users\HP\Desktop\Soutenance-dev\prepared_datasets\combined_6class\train\Plastic\IMG_5056_ann2540.jpg,Plastic,Other,0.534,PaperCardboard,0.3077,Plastic -> Other
train,C:\Users\HP\Desktop\Soutenance-dev\prepared_datasets\combined_6class\train\Plastic\plastic115.jpg,Plastic,Other,0.4804,Glass,0.3155,Plastic -> Other
train,C:\Users\HP\Desktop\Soutenance-dev\prepared_datasets\combined_6class\train\Plastic\plastic121.jpg,Plastic,Other,0.8956,Plastic,0.0703,Plastic -> Other
train,C:\Users\HP\Desktop\Soutenance-dev\prepared_datasets\combined_6class\train\Plastic\plastic127.jpg,Plastic,Other,0.4629,Glass,0.3569,Plastic -> Other
train,C:\Users\HP\Desktop\Soutenance-dev\prepared_datasets\combined_6class\train\Plastic\plastic133.jpg,Plastic,Other,0.4928,Plastic,0.223,Plastic -> Other
train,C:\Users\HP\Desktop\Soutenance-dev\prepared_datasets\combined_6class\train\Plastic\plastic134.jpg,Plastic,Other,0.6378,Plastic,0.2317,Plastic -> Other
train,C:\Users\HP\Desktop\Soutenance-dev\prepared_datasets\combined_6class\train\Plastic\plastic144.jpg,Plastic,Other,0.5879,Plastic,0.2927,Plastic -> Other
train,C:\Users\HP\Desktop\Soutenance-dev\prepared_datasets\combined_6class\train\Plastic\plastic151.jpg,Plastic,Other,0.5372,Plastic,0.2958,Plastic -> Other
train,C:\Users\HP\Desktop\Soutenance-dev\prepared_datasets\combined_6class\train\Plastic\plastic152.jpg,Plastic,Glass,0.8541,Other,0.1013,Plastic -> Glass
train,C:\Users\HP\Desktop\Soutenance-dev\prepared_datasets\combined_6class\train\Plastic\plastic155.jpg,Plastic,Other,0.6863,Plastic,0.1917,Plastic -> Other
train,C:\Users\HP\Desktop\Soutenance-dev\prepared_datasets\combined_6class\train\Plastic\plastic158.jpg,Plastic,Other,0.6251,Plastic,0.1942,Plastic -> Other
train,C:\Users\HP\Desktop\Soutenance-dev\prepared_datasets\combined_6class\train\Plastic\plastic16.jpg,Plastic,Other,0.9128,Glass,0.052,Plastic -> Other
train,C:\Users\HP\Desktop\Soutenance-dev\prepared_datasets\combined_6class\train\Plastic\plastic167.jpg,Plastic,Glass,0.6977,Plastic,0.1491,Plastic -> Glass
train,C:\Users\HP\Desktop\Soutenance-dev\prepared_datasets\combined_6class\train\Plastic\plastic168.jpg,Plastic,Other,0.7696,Plastic,0.1133,Plastic -> Other
train,C:\Users\HP\Desktop\Soutenance-dev\prepared_datasets\combined_6class\train\Plastic\plastic173.jpg,Plastic,Other,0.5681,Plastic,0.347,Plastic -> Other
train,C:\Users\HP\Desktop\Soutenance-dev\prepared_datasets\combined_6class\train\Plastic\plastic187.jpg,Plastic,Glass,0.4619,Plastic,0.4416,Plastic -> Glass
train,C:\Users\HP\Desktop\Soutenance-dev\prepared_datasets\combined_6class\train\Plastic\plastic216.jpg,Plastic,Glass,0.984,Other,0.0062,Plastic -> Glass
train,C:\Users\HP\Desktop\Soutenance-dev\prepared_datasets\combined_6class\train\Plastic\plastic218.jpg,Plastic,Other,0.914,Plastic,0.0692,Plastic -> Other
train,C:\Users\HP\Desktop\Soutenance-dev\prepared_datasets\combined_6class\train\Plastic\plastic23.jpg,Plastic,Glass,0.6513,Plastic,0.3026,Plastic -> Glass
train,C:\Users\HP\Desktop\Soutenance-dev\prepared_datasets\combined_6class\train\Plastic\plastic231.jpg,Plastic,Glass,0.6675,Other,0.2163,Plastic -> Glass
train,C:\Users\HP\Desktop\Soutenance-dev\prepared_datasets\combined_6class\train\Plastic\plastic233.jpg,Plastic,Glass,0.5711,Plastic,0.3929,Plastic -> Glass
train,C:\Users\HP\Desktop\Soutenance-dev\prepared_datasets\combined_6class\train\Plastic\plastic241.jpg,Plastic,Other,0.5559,Plastic,0.416,Plastic -> Other
train,C:\Users\HP\Desktop\Soutenance-dev\prepared_datasets\combined_6class\train\Plastic\plastic260.jpg,Plastic,Glass,0.5225,Other,0.3462,Plastic -> Glass
train,C:\Users\HP\Desktop\Soutenance-dev\prepared_datasets\combined_6class\train\Plastic\plastic268.jpg,Plastic,Glass,0.7464,Other,0.1354,Plastic -> Glass
train,C:\Users\HP\Desktop\Soutenance-dev\prepared_datasets\combined_6class\train\Plastic\plastic28.jpg,Plastic,Other,0.5147,Plastic,0.2842,Plastic -> Other
train,C:\Users\HP\Desktop\Soutenance-dev\prepared_datasets\combined_6class\train\Plastic\plastic290.jpg,Plastic,Glass,0.4551,Plastic,0.3976,Plastic -> Glass
train,C:\Users\HP\Desktop\Soutenance-dev\prepared_datasets\combined_6class\train\Plastic\plastic303.jpg,Plastic,Glass,0.5163,Plastic,0.2482,Plastic -> Glass
train,C:\Users\HP\Desktop\Soutenance-dev\prepared_datasets\combined_6class\train\Plastic\plastic307.jpg,Plastic,Glass,0.5772,Metal,0.2215,Plastic -> Glass
train,C:\Users\HP\Desktop\Soutenance-dev\prepared_datasets\combined_6class\train\Plastic\plastic312.jpg,Plastic,Glass,0.7492,Other,0.2131,Plastic -> Glass
train,C:\Users\HP\Desktop\Soutenance-dev\prepared_datasets\combined_6class\train\Plastic\plastic324.jpg,Plastic,Glass,0.4946,Plastic,0.4141,Plastic -> Glass
train,C:\Users\HP\Desktop\Soutenance-dev\prepared_datasets\combined_6class\train\Plastic\plastic332.jpg,Plastic,Glass,0.9112,Metal,0.0477,Plastic -> Glass
train,C:\Users\HP\Desktop\Soutenance-dev\prepared_datasets\combined_6class\train\Plastic\plastic343.jpg,Plastic,Glass,0.6115,Plastic,0.2018,Plastic -> Glass
train,C:\Users\HP\Desktop\Soutenance-dev\prepared_datasets\combined_6class\train\Plastic\plastic361.jpg,Plastic,Glass,0.945,Plastic,0.0339,Plastic -> Glass
train,C:\Users\HP\Desktop\Soutenance-dev\prepared_datasets\combined_6class\train\Plastic\plastic37.jpg,Plastic,Other,0.6948,Plastic,0.2316,Plastic -> Other
train,C:\Users\HP\Desktop\Soutenance-dev\prepared_datasets\combined_6class\train\Plastic\plastic372.jpg,Plastic,Glass,0.5563,Plastic,0.2869,Plastic -> Glass
train,C:\Users\HP\Desktop\Soutenance-dev\prepared_datasets\combined_6class\train\Plastic\plastic374.jpg,Plastic,Glass,0.6014,Plastic,0.3046,Plastic -> Glass
train,C:\Users\HP\Desktop\Soutenance-dev\prepared_datasets\combined_6class\train\Plastic\plastic391.jpg,Plastic,Glass,0.6904,Other,0.1114,Plastic -> Glass
train,C:\Users\HP\Desktop\Soutenance-dev\prepared_datasets\combined_6class\train\Plastic\plastic40.jpg,Plastic,Glass,0.9496,Other,0.0312,Plastic -> Glass
train,C:\Users\HP\Desktop\Soutenance-dev\prepared_datasets\combined_6class\train\Plastic\plastic404.jpg,Plastic,Other,0.7489,Glass,0.1177,Plastic -> Other
train,C:\Users\HP\Desktop\Soutenance-dev\prepared_datasets\combined_6class\train\Plastic\plastic443.jpg,Plastic,Glass,0.8921,Other,0.062,Plastic -> Glass
train,C:\Users\HP\Desktop\Soutenance-dev\prepared_datasets\combined_6class\train\Plastic\plastic448.jpg,Plastic,Other,0.6961,PaperCardboard,0.1519,Plastic -> Other
train,C:\Users\HP\Desktop\Soutenance-dev\prepared_datasets\combined_6class\train\Plastic\plastic453.jpg,Plastic,Other,0.7961,PaperCardboard,0.1622,Plastic -> Other
train,C:\Users\HP\Desktop\Soutenance-dev\prepared_datasets\combined_6class\train\Plastic\plastic462.jpg,Plastic,Other,0.4927,PaperCardboard,0.3871,Plastic -> Other
train,C:\Users\HP\Desktop\Soutenance-dev\prepared_datasets\combined_6class\train\Plastic\plastic464.jpg,Plastic,Other,0.781,PaperCardboard,0.1614,Plastic -> Other
train,C:\Users\HP\Desktop\Soutenance-dev\prepared_datasets\combined_6class\train\Plastic\plastic478.jpg,Plastic,Other,0.86,Plastic,0.067,Plastic -> Other
train,C:\Users\HP\Desktop\Soutenance-dev\prepared_datasets\combined_6class\train\Plastic\plastic479.jpg,Plastic,Other,0.6791,Plastic,0.2637,Plastic -> Other
train,C:\Users\HP\Desktop\Soutenance-dev\prepared_datasets\combined_6class\train\Plastic\plastic480.jpg,Plastic,Other,0.46,Plastic,0.2923,Plastic -> Other
train,C:\Users\HP\Desktop\Soutenance-dev\prepared_datasets\combined_6class\train\Plastic\plastic53.jpg,Plastic,Other,0.7092,Metal,0.159,Plastic -> Other
train,C:\Users\HP\Desktop\Soutenance-dev\prepared_datasets\combined_6class\train\Plastic\plastic58.jpg,Plastic,Glass,0.6358,Plastic,0.2941,Plastic -> Glass
train,C:\Users\HP\Desktop\Soutenance-dev\prepared_datasets\combined_6class\train\Plastic\plastic6.jpg,Plastic,Glass,0.8111,Plastic,0.0785,Plastic -> Glass
train,C:\Users\HP\Desktop\Soutenance-dev\prepared_datasets\combined_6class\train\Plastic\plastic68.jpg,Plastic,Glass,0.9599,Other,0.0191,Plastic -> Glass
train,C:\Users\HP\Desktop\Soutenance-dev\prepared_datasets\combined_6class\train\Plastic\plastic69.jpg,Plastic,Glass,0.5859,Plastic,0.2293,Plastic -> Glass
train,C:\Users\HP\Desktop\Soutenance-dev\prepared_datasets\combined_6class\train\Plastic\plastic85.jpg,Plastic,Glass,0.524,Plastic,0.4392,Plastic -> Glass
train,C:\Users\HP\Desktop\Soutenance-dev\prepared_datasets\combined_6class\train\Plastic\plastic86.jpg,Plastic,Glass,0.5134,Plastic,0.2094,Plastic -> Glass
train,C:\Users\HP\Desktop\Soutenance-dev\prepared_datasets\combined_6class\train\Plastic\plastic95.jpg,Plastic,Glass,0.9391,Other,0.031,Plastic -> Glass
train,C:\Users\HP\Desktop\Soutenance-dev\prepared_datasets\combined_6class\train\Plastic\plastic97.jpg,Plastic,Glass,0.7275,Plastic,0.1509,Plastic -> Glass
train,C:\Users\HP\Desktop\Soutenance-dev\prepared_datasets\combined_6class\train\Plastic\plastic98.jpg,Plastic,Glass,0.9623,Plastic,0.0144,Plastic -> Glass
val,C:\Users\HP\Desktop\Soutenance-dev\prepared_datasets\combined_6class\val\Glass\000025_ann2247.jpg,Glass,Other,0.6534,Glass,0.2167,Glass -> Other
val,C:\Users\HP\Desktop\Soutenance-dev\prepared_datasets\combined_6class\val\Glass\000036_ann4266.jpg,Glass,Other,0.5063,Metal,0.1809,Glass -> Other
val,C:\Users\HP\Desktop\Soutenance-dev\prepared_datasets\combined_6class\val\Glass\000089_ann4452.jpg,Glass,Other,0.5063,Metal,0.1809,Glass -> Other
val,C:\Users\HP\Desktop\Soutenance-dev\prepared_datasets\combined_6class\val\Glass\000097_ann4777.jpg,Glass,Other,0.5063,Metal,0.1809,Glass -> Other
val,C:\Users\HP\Desktop\Soutenance-dev\prepared_datasets\combined_6class\val\Glass\glass402.jpg,Glass,Other,0.6093,Glass,0.3835,Glass -> Other
val,C:\Users\HP\Desktop\Soutenance-dev\prepared_datasets\combined_6class\val\Metal\000012_ann3062.jpg,Metal,Other,0.6008,Metal,0.2647,Metal -> Other
val,C:\Users\HP\Desktop\Soutenance-dev\prepared_datasets\combined_6class\val\Metal\000014_ann4080.jpg,Metal,Other,0.5063,Metal,0.1809,Metal -> Other
val,C:\Users\HP\Desktop\Soutenance-dev\prepared_datasets\combined_6class\val\Metal\000014_ann4083.jpg,Metal,Other,0.5063,Metal,0.1809,Metal -> Other
val,C:\Users\HP\Desktop\Soutenance-dev\prepared_datasets\combined_6class\val\Metal\000017_ann3083.jpg,Metal,Other,0.5063,Metal,0.1809,Metal -> Other
val,C:\Users\HP\Desktop\Soutenance-dev\prepared_datasets\combined_6class\val\Metal\000026_ann10.jpg,Metal,Other,0.6023,Metal,0.147,Metal -> Other
val,C:\Users\HP\Desktop\Soutenance-dev\prepared_datasets\combined_6class\val\Metal\000027_ann2255.jpg,Metal,Glass,0.5694,Metal,0.3566,Metal -> Glass
val,C:\Users\HP\Desktop\Soutenance-dev\prepared_datasets\combined_6class\val\Metal\000029_ann4220.jpg,Metal,Other,0.5063,Metal,0.1809,Metal -> Other
val,C:\Users\HP\Desktop\Soutenance-dev\prepared_datasets\combined_6class\val\Metal\000035_ann2061.jpg,Metal,Other,0.5648,PaperCardboard,0.2751,Metal -> Other
val,C:\Users\HP\Desktop\Soutenance-dev\prepared_datasets\combined_6class\val\Metal\000036_ann3713.jpg,Metal,Other,0.5063,Metal,0.1809,Metal -> Other
val,C:\Users\HP\Desktop\Soutenance-dev\prepared_datasets\combined_6class\val\Metal\000048_ann2291.jpg,Metal,Other,0.8049,PaperCardboard,0.1327,Metal -> Other
val,C:\Users\HP\Desktop\Soutenance-dev\prepared_datasets\combined_6class\val\Metal\000054_ann1607.jpg,Metal,Other,0.4686,Metal,0.3883,Metal -> Other
val,C:\Users\HP\Desktop\Soutenance-dev\prepared_datasets\combined_6class\val\Metal\000057_ann3439.jpg,Metal,Other,0.5063,Metal,0.1809,Metal -> Other
val,C:\Users\HP\Desktop\Soutenance-dev\prepared_datasets\combined_6class\val\Metal\000057_ann3440.jpg,Metal,Other,0.5063,Metal,0.1809,Metal -> Other
val,C:\Users\HP\Desktop\Soutenance-dev\prepared_datasets\combined_6class\val\Metal\metal115.jpg,Metal,Other,0.503,Metal,0.2356,Metal -> Other
val,C:\Users\HP\Desktop\Soutenance-dev\prepared_datasets\combined_6class\val\Metal\metal147.jpg,Metal,Glass,0.911,Metal,0.0693,Metal -> Glass
val,C:\Users\HP\Desktop\Soutenance-dev\prepared_datasets\combined_6class\val\Metal\metal183.jpg,Metal,Glass,0.5677,Metal,0.3313,Metal -> Glass
val,C:\Users\HP\Desktop\Soutenance-dev\prepared_datasets\combined_6class\val\Metal\metal230.jpg,Metal,Glass,0.5527,Plastic,0.2014,Metal -> Glass
val,C:\Users\HP\Desktop\Soutenance-dev\prepared_datasets\combined_6class\val\Metal\metal234.jpg,Metal,Glass,0.4624,Metal,0.3248,Metal -> Glass
val,C:\Users\HP\Desktop\Soutenance-dev\prepared_datasets\combined_6class\val\Metal\metal244.jpg,Metal,Glass,0.6175,Metal,0.354,Metal -> Glass
val,C:\Users\HP\Desktop\Soutenance-dev\prepared_datasets\combined_6class\val\Metal\metal277.jpg,Metal,Glass,0.8797,Metal,0.086,Metal -> Glass
val,C:\Users\HP\Desktop\Soutenance-dev\prepared_datasets\combined_6class\val\Metal\metal317.jpg,Metal,Glass,0.6968,Plastic,0.0977,Metal -> Glass
val,C:\Users\HP\Desktop\Soutenance-dev\prepared_datasets\combined_6class\val\Metal\metal338.jpg,Metal,Glass,0.8908,Metal,0.0641,Metal -> Glass
val,C:\Users\HP\Desktop\Soutenance-dev\prepared_datasets\combined_6class\val\Metal\metal350.jpg,Metal,Glass,0.4958,Metal,0.3111,Metal -> Glass
val,C:\Users\HP\Desktop\Soutenance-dev\prepared_datasets\combined_6class\val\Metal\metal363.jpg,Metal,Other,0.5491,Glass,0.3646,Metal -> Other
val,C:\Users\HP\Desktop\Soutenance-dev\prepared_datasets\combined_6class\val\Metal\metal367.jpg,Metal,Glass,0.5807,Metal,0.3827,Metal -> Glass
val,C:\Users\HP\Desktop\Soutenance-dev\prepared_datasets\combined_6class\val\Metal\metal401.jpg,Metal,Glass,0.685,Metal,0.2946,Metal -> Glass
val,C:\Users\HP\Desktop\Soutenance-dev\prepared_datasets\combined_6class\val\Metal\metal404.jpg,Metal,Other,0.475,Plastic,0.1982,Metal -> Other
val,C:\Users\HP\Desktop\Soutenance-dev\prepared_datasets\combined_6class\val\Metal\metal51.jpg,Metal,Glass,0.8151,Metal,0.1747,Metal -> Glass
val,C:\Users\HP\Desktop\Soutenance-dev\prepared_datasets\combined_6class\val\Metal\metal59.jpg,Metal,Glass,0.7453,Metal,0.2216,Metal -> Glass
val,C:\Users\HP\Desktop\Soutenance-dev\prepared_datasets\combined_6class\val\Metal\metal70.jpg,Metal,Glass,0.7801,Metal,0.1352,Metal -> Glass
val,C:\Users\HP\Desktop\Soutenance-dev\prepared_datasets\combined_6class\val\Metal\metal71.jpg,Metal,Glass,0.9576,Plastic,0.0222,Metal -> Glass
val,C:\Users\HP\Desktop\Soutenance-dev\prepared_datasets\combined_6class\val\Metal\metal72.jpg,Metal,Other,0.9483,Metal,0.0338,Metal -> Other
val,C:\Users\HP\Desktop\Soutenance-dev\prepared_datasets\combined_6class\val\PaperCardboard\000002_ann3575.jpg,PaperCardboard,Other,0.5063,Metal,0.1809,PaperCardboard -> Other
val,C:\Users\HP\Desktop\Soutenance-dev\prepared_datasets\combined_6class\val\PaperCardboard\000008_ann2215.jpg,PaperCardboard,Other,0.7906,PaperCardboard,0.1334,PaperCardboard -> Other
val,C:\Users\HP\Desktop\Soutenance-dev\prepared_datasets\combined_6class\val\PaperCardboard\000013_ann3657.jpg,PaperCardboard,Other,0.5063,Metal,0.1809,PaperCardboard -> Other
val,C:\Users\HP\Desktop\Soutenance-dev\prepared_datasets\combined_6class\val\PaperCardboard\000014_ann724.jpg,PaperCardboard,Other,0.6743,PaperCardboard,0.1692,PaperCardboard -> Other
val,C:\Users\HP\Desktop\Soutenance-dev\prepared_datasets\combined_6class\val\PaperCardboard\000022_ann3097.jpg,PaperCardboard,Other,0.5063,Metal,0.1809,PaperCardboard -> Other
val,C:\Users\HP\Desktop\Soutenance-dev\prepared_datasets\combined_6class\val\PaperCardboard\000047_ann4296.jpg,PaperCardboard,Other,0.5063,Metal,0.1809,PaperCardboard -> Other
val,C:\Users\HP\Desktop\Soutenance-dev\prepared_datasets\combined_6class\val\PaperCardboard\000049_ann3159.jpg,PaperCardboard,Other,0.5063,Metal,0.1809,PaperCardboard -> Other
val,C:\Users\HP\Desktop\Soutenance-dev\prepared_datasets\combined_6class\val\PaperCardboard\000056_ann3425.jpg,PaperCardboard,Other,0.5063,Metal,0.1809,PaperCardboard -> Other
val,C:\Users\HP\Desktop\Soutenance-dev\prepared_datasets\combined_6class\val\PaperCardboard\000059_ann3419.jpg,PaperCardboard,Other,0.5063,Metal,0.1809,PaperCardboard -> Other
val,C:\Users\HP\Desktop\Soutenance-dev\prepared_datasets\combined_6class\val\PaperCardboard\000075_ann4427.jpg,PaperCardboard,Other,0.5063,Metal,0.1809,PaperCardboard -> Other
val,C:\Users\HP\Desktop\Soutenance-dev\prepared_datasets\combined_6class\val\PaperCardboard\000076_ann2178.jpg,PaperCardboard,Other,0.7305,Metal,0.0985,PaperCardboard -> Other
val,C:\Users\HP\Desktop\Soutenance-dev\prepared_datasets\combined_6class\val\PaperCardboard\000085_ann623.jpg,PaperCardboard,Other,0.4864,PaperCardboard,0.2567,PaperCardboard -> Other
val,C:\Users\HP\Desktop\Soutenance-dev\prepared_datasets\combined_6class\val\PaperCardboard\000088_ann635.jpg,PaperCardboard,Other,0.9913,PaperCardboard,0.0062,PaperCardboard -> Other
val,C:\Users\HP\Desktop\Soutenance-dev\prepared_datasets\combined_6class\val\PaperCardboard\000092_ann166.jpg,PaperCardboard,Other,0.9812,PaperCardboard,0.0147,PaperCardboard -> Other
val,C:\Users\HP\Desktop\Soutenance-dev\prepared_datasets\combined_6class\val\PaperCardboard\000095_ann1849.jpg,PaperCardboard,Other,0.49,Metal,0.1995,PaperCardboard -> Other
val,C:\Users\HP\Desktop\Soutenance-dev\prepared_datasets\combined_6class\val\PaperCardboard\000096_ann3259.jpg,PaperCardboard,Other,0.5063,Metal,0.1809,PaperCardboard -> Other
val,C:\Users\HP\Desktop\Soutenance-dev\prepared_datasets\combined_6class\val\PaperCardboard\000098_ann1424.jpg,PaperCardboard,Other,0.862,PaperCardboard,0.0616,PaperCardboard -> Other
val,C:\Users\HP\Desktop\Soutenance-dev\prepared_datasets\combined_6class\val\PaperCardboard\cardboard108.jpg,PaperCardboard,Other,0.5466,PaperCardboard,0.4125,PaperCardboard -> Other
val,C:\Users\HP\Desktop\Soutenance-dev\prepared_datasets\combined_6class\val\PaperCardboard\cardboard233.jpg,PaperCardboard,Other,0.9595,Plastic,0.0323,PaperCardboard -> Other
val,C:\Users\HP\Desktop\Soutenance-dev\prepared_datasets\combined_6class\val\PaperCardboard\cardboard302.jpg,PaperCardboard,Other,0.9807,PaperCardboard,0.0075,PaperCardboard -> Other
val,C:\Users\HP\Desktop\Soutenance-dev\prepared_datasets\combined_6class\val\PaperCardboard\cardboard361.jpg,PaperCardboard,Other,0.617,PaperCardboard,0.2438,PaperCardboard -> Other
val,C:\Users\HP\Desktop\Soutenance-dev\prepared_datasets\combined_6class\val\PaperCardboard\cardboard4.jpg,PaperCardboard,Other,0.8615,PaperCardboard,0.1262,PaperCardboard -> Other
val,C:\Users\HP\Desktop\Soutenance-dev\prepared_datasets\combined_6class\val\PaperCardboard\IMG_4855_ann2546.jpg,PaperCardboard,Other,0.4768,Glass,0.1765,PaperCardboard -> Other
val,C:\Users\HP\Desktop\Soutenance-dev\prepared_datasets\combined_6class\val\PaperCardboard\IMG_5068_ann2721.jpg,PaperCardboard,Other,0.7883,PaperCardboard,0.1559,PaperCardboard -> Other
val,C:\Users\HP\Desktop\Soutenance-dev\prepared_datasets\combined_6class\val\PaperCardboard\paper162.jpg,PaperCardboard,Other,0.5966,PaperCardboard,0.2794,PaperCardboard -> Other
val,C:\Users\HP\Desktop\Soutenance-dev\prepared_datasets\combined_6class\val\PaperCardboard\paper168.jpg,PaperCardboard,Other,0.9843,PaperCardboard,0.0136,PaperCardboard -> Other
val,C:\Users\HP\Desktop\Soutenance-dev\prepared_datasets\combined_6class\val\PaperCardboard\paper256.jpg,PaperCardboard,Other,0.9914,PaperCardboard,0.0059,PaperCardboard -> Other
val,C:\Users\HP\Desktop\Soutenance-dev\prepared_datasets\combined_6class\val\PaperCardboard\paper315.jpg,PaperCardboard,Other,0.6157,PaperCardboard,0.3772,PaperCardboard -> Other
val,C:\Users\HP\Desktop\Soutenance-dev\prepared_datasets\combined_6class\val\PaperCardboard\paper368.jpg,PaperCardboard,Other,0.8956,PaperCardboard,0.0799,PaperCardboard -> Other
val,C:\Users\HP\Desktop\Soutenance-dev\prepared_datasets\combined_6class\val\PaperCardboard\paper374.jpg,PaperCardboard,Other,0.7863,Glass,0.0728,PaperCardboard -> Other
val,C:\Users\HP\Desktop\Soutenance-dev\prepared_datasets\combined_6class\val\PaperCardboard\paper401.jpg,PaperCardboard,Other,0.4783,PaperCardboard,0.245,PaperCardboard -> Other
val,C:\Users\HP\Desktop\Soutenance-dev\prepared_datasets\combined_6class\val\PaperCardboard\paper404.jpg,PaperCardboard,Other,0.8493,PaperCardboard,0.1271,PaperCardboard -> Other
val,C:\Users\HP\Desktop\Soutenance-dev\prepared_datasets\combined_6class\val\PaperCardboard\paper410.jpg,PaperCardboard,Other,0.5124,PaperCardboard,0.3298,PaperCardboard -> Other
val,C:\Users\HP\Desktop\Soutenance-dev\prepared_datasets\combined_6class\val\PaperCardboard\paper417.jpg,PaperCardboard,Other,0.91,Metal,0.0584,PaperCardboard -> Other
val,C:\Users\HP\Desktop\Soutenance-dev\prepared_datasets\combined_6class\val\PaperCardboard\paper447.jpg,PaperCardboard,Other,0.6761,PaperCardboard,0.2949,PaperCardboard -> Other
val,C:\Users\HP\Desktop\Soutenance-dev\prepared_datasets\combined_6class\val\PaperCardboard\paper475.jpg,PaperCardboard,Other,0.8837,PaperCardboard,0.0968,PaperCardboard -> Other
val,C:\Users\HP\Desktop\Soutenance-dev\prepared_datasets\combined_6class\val\PaperCardboard\paper535.jpg,PaperCardboard,Other,0.8941,Plastic,0.0397,PaperCardboard -> Other
val,C:\Users\HP\Desktop\Soutenance-dev\prepared_datasets\combined_6class\val\PaperCardboard\paper545.jpg,PaperCardboard,Other,0.9903,PaperCardboard,0.0081,PaperCardboard -> Other
val,C:\Users\HP\Desktop\Soutenance-dev\prepared_datasets\combined_6class\val\PaperCardboard\paper550.jpg,PaperCardboard,Other,0.8762,PaperCardboard,0.0849,PaperCardboard -> Other
val,C:\Users\HP\Desktop\Soutenance-dev\prepared_datasets\combined_6class\val\PaperCardboard\paper562.jpg,PaperCardboard,Other,0.7525,PaperCardboard,0.2351,PaperCardboard -> Other
val,C:\Users\HP\Desktop\Soutenance-dev\prepared_datasets\combined_6class\val\PaperCardboard\paper584.jpg,PaperCardboard,Other,0.9926,PaperCardboard,0.0047,PaperCardboard -> Other
val,C:\Users\HP\Desktop\Soutenance-dev\prepared_datasets\combined_6class\val\PaperCardboard\paper591.jpg,PaperCardboard,Other,0.7897,PaperCardboard,0.1477,PaperCardboard -> Other
val,C:\Users\HP\Desktop\Soutenance-dev\prepared_datasets\combined_6class\val\Plastic\000001_ann310.jpg,Plastic,Other,0.7061,Plastic,0.1225,Plastic -> Other
val,C:\Users\HP\Desktop\Soutenance-dev\prepared_datasets\combined_6class\val\Plastic\000005_ann2780.jpg,Plastic,Other,0.771,Plastic,0.1045,Plastic -> Other
val,C:\Users\HP\Desktop\Soutenance-dev\prepared_datasets\combined_6class\val\Plastic\000007_ann4055.jpg,Plastic,Other,0.5063,Metal,0.1809,Plastic -> Other
val,C:\Users\HP\Desktop\Soutenance-dev\prepared_datasets\combined_6class\val\Plastic\000007_ann4058.jpg,Plastic,Other,0.5063,Metal,0.1809,Plastic -> Other
val,C:\Users\HP\Desktop\Soutenance-dev\prepared_datasets\combined_6class\val\Plastic\000013_ann1461.jpg,Plastic,Other,0.5254,Metal,0.2265,Plastic -> Other
val,C:\Users\HP\Desktop\Soutenance-dev\prepared_datasets\combined_6class\val\Plastic\000017_ann3552.jpg,Plastic,Other,0.5265,Metal,0.1636,Plastic -> Other
val,C:\Users\HP\Desktop\Soutenance-dev\prepared_datasets\combined_6class\val\Plastic\000019_ann7.jpg,Plastic,Glass,0.4821,Other,0.2588,Plastic -> Glass
val,C:\Users\HP\Desktop\Soutenance-dev\prepared_datasets\combined_6class\val\Plastic\000024_ann976.jpg,Plastic,Other,0.5063,Metal,0.1809,Plastic -> Other
val,C:\Users\HP\Desktop\Soutenance-dev\prepared_datasets\combined_6class\val\Plastic\000027_ann3527.jpg,Plastic,Other,0.5063,Metal,0.1809,Plastic -> Other
val,C:\Users\HP\Desktop\Soutenance-dev\prepared_datasets\combined_6class\val\Plastic\000040_ann4275.jpg,Plastic,Other,0.5063,Metal,0.1809,Plastic -> Other
val,C:\Users\HP\Desktop\Soutenance-dev\prepared_datasets\combined_6class\val\Plastic\000046_ann3466.jpg,Plastic,Other,0.5063,Metal,0.1809,Plastic -> Other
val,C:\Users\HP\Desktop\Soutenance-dev\prepared_datasets\combined_6class\val\Plastic\000047_ann3464.jpg,Plastic,Other,0.5063,Metal,0.1809,Plastic -> Other
val,C:\Users\HP\Desktop\Soutenance-dev\prepared_datasets\combined_6class\val\Plastic\000048_ann2097.jpg,Plastic,Other,0.9287,Plastic,0.0449,Plastic -> Other
val,C:\Users\HP\Desktop\Soutenance-dev\prepared_datasets\combined_6class\val\Plastic\000056_ann3788.jpg,Plastic,Other,0.5063,Metal,0.1809,Plastic -> Other
val,C:\Users\HP\Desktop\Soutenance-dev\prepared_datasets\combined_6class\val\Plastic\000064_ann1642.jpg,Plastic,Other,0.9451,PaperCardboard,0.0331,Plastic -> Other
val,C:\Users\HP\Desktop\Soutenance-dev\prepared_datasets\combined_6class\val\Plastic\000065_ann3403.jpg,Plastic,Other,0.5063,Metal,0.1809,Plastic -> Other
val,C:\Users\HP\Desktop\Soutenance-dev\prepared_datasets\combined_6class\val\Plastic\000066_ann4657.jpg,Plastic,Other,0.5063,Metal,0.1809,Plastic -> Other
val,C:\Users\HP\Desktop\Soutenance-dev\prepared_datasets\combined_6class\val\Plastic\000071_ann2160.jpg,Plastic,Glass,0.5899,Metal,0.1828,Plastic -> Glass
val,C:\Users\HP\Desktop\Soutenance-dev\prepared_datasets\combined_6class\val\Plastic\000072_ann2165.jpg,Plastic,Other,0.924,Plastic,0.0365,Plastic -> Other
val,C:\Users\HP\Desktop\Soutenance-dev\prepared_datasets\combined_6class\val\Plastic\000073_ann3296.jpg,Plastic,Other,0.5063,Metal,0.1809,Plastic -> Other
val,C:\Users\HP\Desktop\Soutenance-dev\prepared_datasets\combined_6class\val\Plastic\000077_ann3834.jpg,Plastic,Other,0.5063,Metal,0.1809,Plastic -> Other
val,C:\Users\HP\Desktop\Soutenance-dev\prepared_datasets\combined_6class\val\Plastic\000084_ann1339.jpg,Plastic,Other,0.5391,PaperCardboard,0.2453,Plastic -> Other
val,C:\Users\HP\Desktop\Soutenance-dev\prepared_datasets\combined_6class\val\Plastic\000085_ann3875.jpg,Plastic,Other,0.5063,Metal,0.1809,Plastic -> Other
val,C:\Users\HP\Desktop\Soutenance-dev\prepared_datasets\combined_6class\val\Plastic\000087_ann3899.jpg,Plastic,Other,0.5063,Metal,0.1809,Plastic -> Other
val,C:\Users\HP\Desktop\Soutenance-dev\prepared_datasets\combined_6class\val\Plastic\000087_ann3901.jpg,Plastic,Other,0.5063,Metal,0.1809,Plastic -> Other
val,C:\Users\HP\Desktop\Soutenance-dev\prepared_datasets\combined_6class\val\Plastic\000088_ann4450.jpg,Plastic,Other,0.5063,Metal,0.1809,Plastic -> Other
val,C:\Users\HP\Desktop\Soutenance-dev\prepared_datasets\combined_6class\val\Plastic\000091_ann3909.jpg,Plastic,Other,0.5063,Metal,0.1809,Plastic -> Other
val,C:\Users\HP\Desktop\Soutenance-dev\prepared_datasets\combined_6class\val\Plastic\000097_ann3253.jpg,Plastic,Other,0.5063,Metal,0.1809,Plastic -> Other
val,C:\Users\HP\Desktop\Soutenance-dev\prepared_datasets\combined_6class\val\Plastic\000125_ann3964.jpg,Plastic,Other,0.5063,Metal,0.1809,Plastic -> Other
val,C:\Users\HP\Desktop\Soutenance-dev\prepared_datasets\combined_6class\val\Plastic\000135_ann3987.jpg,Plastic,Other,0.5063,Metal,0.1809,Plastic -> Other
val,C:\Users\HP\Desktop\Soutenance-dev\prepared_datasets\combined_6class\val\Plastic\plastic12.jpg,Plastic,Other,0.7861,Glass,0.1065,Plastic -> Other
val,C:\Users\HP\Desktop\Soutenance-dev\prepared_datasets\combined_6class\val\Plastic\plastic162.jpg,Plastic,Other,0.5883,Plastic,0.1552,Plastic -> Other
val,C:\Users\HP\Desktop\Soutenance-dev\prepared_datasets\combined_6class\val\Plastic\plastic174.jpg,Plastic,Other,0.4588,Plastic,0.422,Plastic -> Other
val,C:\Users\HP\Desktop\Soutenance-dev\prepared_datasets\combined_6class\val\Plastic\plastic203.jpg,Plastic,Other,0.5374,Glass,0.4301,Plastic -> Other
val,C:\Users\HP\Desktop\Soutenance-dev\prepared_datasets\combined_6class\val\Plastic\plastic204.jpg,Plastic,Glass,0.5438,Other,0.2968,Plastic -> Glass
val,C:\Users\HP\Desktop\Soutenance-dev\prepared_datasets\combined_6class\val\Plastic\plastic221.jpg,Plastic,Glass,0.4608,PaperCardboard,0.2369,Plastic -> Glass
val,C:\Users\HP\Desktop\Soutenance-dev\prepared_datasets\combined_6class\val\Plastic\plastic223.jpg,Plastic,Other,0.6607,Glass,0.2253,Plastic -> Other
val,C:\Users\HP\Desktop\Soutenance-dev\prepared_datasets\combined_6class\val\Plastic\plastic27.jpg,Plastic,Other,0.8538,Glass,0.1162,Plastic -> Other
val,C:\Users\HP\Desktop\Soutenance-dev\prepared_datasets\combined_6class\val\Plastic\plastic281.jpg,Plastic,Glass,0.4895,Other,0.4257,Plastic -> Glass
val,C:\Users\HP\Desktop\Soutenance-dev\prepared_datasets\combined_6class\val\Plastic\plastic297.jpg,Plastic,Glass,0.6104,Other,0.1869,Plastic -> Glass
val,C:\Users\HP\Desktop\Soutenance-dev\prepared_datasets\combined_6class\val\Plastic\plastic356.jpg,Plastic,Glass,0.4681,Other,0.3888,Plastic -> Glass
val,C:\Users\HP\Desktop\Soutenance-dev\prepared_datasets\combined_6class\val\Plastic\plastic368.jpg,Plastic,Glass,0.5673,Other,0.2615,Plastic -> Glass
val,C:\Users\HP\Desktop\Soutenance-dev\prepared_datasets\combined_6class\val\Plastic\plastic408.jpg,Plastic,Glass,0.7591,Other,0.1872,Plastic -> Glass
val,C:\Users\HP\Desktop\Soutenance-dev\prepared_datasets\combined_6class\val\Plastic\plastic413.jpg,Plastic,Glass,0.5164,Plastic,0.4192,Plastic -> Glass
val,C:\Users\HP\Desktop\Soutenance-dev\prepared_datasets\combined_6class\val\Plastic\plastic456.jpg,Plastic,Other,0.5899,Metal,0.2416,Plastic -> Other
val,C:\Users\HP\Desktop\Soutenance-dev\prepared_datasets\combined_6class\val\Plastic\plastic459.jpg,Plastic,Other,0.7692,PaperCardboard,0.164,Plastic -> Other
val,C:\Users\HP\Desktop\Soutenance-dev\prepared_datasets\combined_6class\val\Plastic\plastic48.jpg,Plastic,Other,0.8148,Plastic,0.0964,Plastic -> Other
val,C:\Users\HP\Desktop\Soutenance-dev\prepared_datasets\combined_6class\val\Plastic\plastic7.jpg,Plastic,Glass,0.5815,Plastic,0.302,Plastic -> Glass
val,C:\Users\HP\Desktop\Soutenance-dev\prepared_datasets\combined_6class\val\Plastic\plastic83.jpg,Plastic,Glass,0.5047,Plastic,0.3806,Plastic -> Glass
val,C:\Users\HP\Desktop\Soutenance-dev\prepared_datasets\combined_6class\val\Plastic\plastic94.jpg,Plastic,Glass,0.6713,Plastic,0.2795,Plastic -> Glass
